Real_Requests,Predicted_Requests
28806,28050
29032,28187
28644,28125
27721,27953
27634,27688
26913,27427
26851,27173
26106,26982
25094,26591
25017,26062
24956,25761
23912,25384
24195,24718
23302,24318
22459,22269
22065,21752
21178,21382
20023,20616
19841,19739
19789,18943
19329,18424
19082,18012
18887,17788
18164,17661
17715,17374
17750,17072
17365,16858
17016,16864
17082,16674
16250,16412
16667,16116
16571,16239
16171,16202
16212,16402
16352,16514
15732,16616
15952,16248
15930,16195
15995,15970
16165,16033
16507,16329
16565,16568
16675,16876
17513,17137
17230,17652
18360,17569
18899,18459
19256,19166
21809,19796
22703,21703
23477,22989
24626,24301
25953,23501
27096,26020
27715,27348
28694,28261
29093,29113
29958,29699
31338,30268
30922,29263
31611,30115
31874,31207
32212,31708
32267,32253
32966,32671
33036,32940
32851,33246
33554,33060
33063,32916
33075,32917
33275,32872
33177,32694
32783,32546
33070,32459
32794,32382
32862,32226
33396,32240
32865,32274
31851,32184
32301,31878
31682,31766
31474,31463
32901,31263
32387,31645
31788,31673
31964,31635
32735,31521
32784,32031
32874,32459
32111,32540
31801,32255
32148,32082
32316,31986
32492,31965
31900,32175
32632,31888
32855,32328
33776,32829
33011,33835
33481,33732
32825,33900
33836,33528
34170,33621
33746,34190
34649,34233
34452,34438
33624,34425
33455,34044
33680,33902
33399,33993
33963,33903
34023,33998
34029,34069
34056,34246
34052,34308
33621,34062
33427,33858
33053,33580
33272,33220
32534,33201
32833,32456
32058,32186
32219,31790
32509,31759
32414,31781
32383,32074
31201,32389
31904,31554
31152,31606
31331,31151
30624,30917
30338,30505
30116,27267
29685,27502
29824,27624
29760,28255
29025,28428
29077,28267
28602,28214
27968,28153
28216,27790
27690,27708
27051,27299
26742,26842
26302,26458
25844,26135
25817,25837
25355,25448
24541,25214
23941,24811
24015,24411
23651,24091
22261,23847
22118,21944
21720,21393
20915,21034
20577,20654
20079,20167
19768,19824
19788,19495
19322,19193
18878,19048
18852,18884
18424,18661
18028,18423
17816,18172
17796,17854
17287,17793
17249,17699
17051,17485
17002,17246
16885,17363
16902,17452
16656,17310
16417,17235
16464,17067
16712,16875
16987,16941
17066,17086
17706,17209
18269,17777
19143,18397
19460,19502
20698,20125
22138,21323
23337,22535
25768,23879
27294,24114
29618,26410
30902,28895
32198,28101
32365,30423
33663,31798
33615,33187
33683,33866
34076,34224
34202,34440
34053,34531
34926,34685
33949,35073
35125,34702
35121,35230
35215,35462
35020,35486
33921,35255
34239,34311
35272,33626
35239,33696
35341,33623
34397,33880
34737,33569
34532,34388
34587,34185
34646,34300
34719,34369
34911,34541
34565,34693
34495,34575
34755,34413
34786,34578
35491,34458
35143,35024
34671,35159
34572,35067
34550,34923
34834,34520
35131,34555
35135,35016
34594,35311
35559,35166
34849,35440
34750,35235
34564,34905
35347,34643
34947,35210
34682,35088
34872,34928
35512,34825
35218,35178
35188,35154
36111,35141
35972,35871
35727,36239
36537,36127
36430,36459
36622,36511
36680,36663
37609,36779
37134,37463
36129,37404
36981,36838
37273,37015
37014,37296
37611,36721
36654,37774
36747,36787
36353,36701
36454,36303
36253,36405
35921,36241
35854,35772
34827,35741
34431,35006
33716,34228
34267,33320
33880,34372
33497,33860
33406,33383
33219,33378
31896,33138
32435,30243
32975,31710
32219,32075
31607,31286
31391,31274
31069,30958
30426,30726
31200,30057
30485,30231
29949,30202
29456,26756
28710,27119
28904,27392
27859,27939
27831,27285
27957,27129
27453,27126
26855,26902
26750,26687
25386,26554
25510,25668
25757,25259
25378,25254
24529,25171
24137,24785
24910,24347
22499,24366
23158,21710
23462,21847
21499,21983
24192,21768
21888,23226
20844,21911
21182,21760
20612,21316
19977,20948
20419,20920
19957,20817
18935,20632
19684,20563
19435,20111
20741,19813
18571,20547
18618,20150
18405,19708
17990,19435
18029,18832
17989,18226
18526,18086
18185,18317
18363,18032
18184,18863
18834,18934
19064,19079
19996,19440
20619,20078
21021,20783
22187,21573
23357,22470
25858,23525
27064,24242
28553,26068
30779,28803
32054,28408
33090,30522
32828,30915
33440,31995
33946,33142
33422,33838
34524,34129
34933,34756
34242,35350
34530,35365
34347,35532
34390,35476
34832,35203
34926,35416
34287,35353
34212,34878
33673,34200
34239,33529
34558,33319
34385,33198
34782,33228
34144,33694
33845,33737
33590,33529
33611,33344
34298,33260
33828,33431
34351,33483
34710,34394
34254,34696
35085,34587
34160,34893
34352,34502
35073,34435
34616,34885
34917,34840
34564,34979
34970,34604
35072,34713
34328,35257
34550,34850
34895,34824
35536,35040
34806,35469
34454,35023
34184,34664
35149,34356
35035,34644
35026,34832
34687,35049
35627,34816
35692,35411
35697,35588
36393,35695
36175,36227
36569,36316
36829,36637
35997,36822
38015,36501
37421,37627
38097,37376
37519,37936
37684,37821
37504,38030
37185,37758
37429,37435
37233,37310
37338,37355
36601,37390
36405,36846
35808,36373
35733,35576
35272,35436
34854,35068
33906,34741
33928,33845
33649,33647
33304,33318
33411,32745
33453,32900
33019,32952
32919,32889
33026,32696
31849,32710
31378,31556
31848,31555
31595,31557
30977,31558
30120,31553
30081,27105
29449,28919
29913,28692
29239,28891
28393,28854
28372,28542
28186,28123
27730,27917
26887,27644
26734,27003
26916,26556
26353,26467
26214,26153
25877,25980
26688,25934
25078,26018
23827,25438
23850,24809
25829,24389
22466,24824
22800,22150
22326,21822
22050,21298
21801,21392
21729,21273
21236,21026
20201,20951
21569,20684
20351,20739
21821,20527
22925,20856
20474,21410
19012,21198
19657,20505
19749,20050
18243,20482
18929,19803
18982,19106
18070,19046
18483,19561
18658,19111
17762,19175
18403,18886
18907,18708
18453,18861
19152,19030
19619,19082
19807,19035
21131,19609
21839,20447
23114,21908
24715,24005
27054,24572
28348,27963
30030,29508
31806,31117
32214,31547
32831,31549
33494,31398
34347,32709
35032,33765
34233,34744
34942,34692
35138,35302
35989,35700
35604,36263
35261,36235
34326,36186
37128,35114
36415,36086
36166,36397
36308,36004
35342,35628
33727,34905
35264,33263
34993,33477
35354,33758
35379,34312
34538,34799
34180,34366
35311,34133
34576,34700
35098,34363
35496,34756
35109,34188
35267,34620
34781,35029
33851,34877
34247,33736
33807,33927
34168,33626
33844,33908
35087,34095
34714,34120
35125,34625
34878,34808
34589,35003
34969,34980
34671,35174
34433,34874
34582,34792
34906,34426
35444,34399
36022,34601
35722,35256
35440,35577
36153,35855
36110,36413
36301,36463
35765,36659
36087,36209
36159,36114
36576,35989
37238,36573
37587,37093
37833,37912
37691,38255
38084,38246
36992,38497
36764,37138
36571,36727
36186,36315
37218,36981
37239,37165
36665,37388
36293,37059
35460,36151
34640,35556
34793,34850
34043,34656
33544,33926
33212,33353
33458,32731
32742,32657
32956,32411
32268,32427
32554,31555
32227,32065
31176,31559
30975,31556
30921,31553
30533,31551
29939,31547
30005,26332
29393,27109
28849,27455
28776,27614
28071,27652
28525,27478
27645,27710
27094,27428
26705,27010
26472,26539
26353,26253
26019,26027
25618,25860
24485,25492
25239,25084
25090,25151
25091,25040
24283,25065
23594,24848
23544,24474
22639,24208
23031,21890
26225,21843
21415,24613
22227,22463
21933,22202
20504,22057
20558,21770
20600,21386
19509,20956
19653,20583
19688,20424
18944,20111
19552,19884
18693,19565
18491,19077
18290,19028
18146,18930
18084,18317
17887,18173
17764,17909
17947,17229
17774,17357
17829,18523
18191,18220
18379,18616
18781,19019
19852,19114
20114,20309
20426,20936
22085,21072
23101,22162
24651,23437
26685,25537
27989,27825
29688,29161
31177,30681
31968,31540
32628,31542
33673,31620
33783,32875
33726,33698
34376,34225
34545,34664
34207,35033
34298,35041
34663,35069
35000,35284
34161,35773
34189,34938
34415,34549
34652,34525
34654,34413
34076,34236
33736,33853
34061,33322
34473,33195
34024,33473
34523,33437
34215,33663
34485,33773
34021,34042
34374,33832
34163,34162
34083,34172
34267,34002
34605,34122
33914,34389
34014,34256
34594,34009
34046,34212
33964,34108
35207,34076
35080,34775
35024,35100
35110,35092
34733,35088
35031,34993
35685,35055
35395,35763
34785,35745
35098,35130
34617,34977
35155,34785
35267,35026
35530,35079
35527,35560
35591,35835
35770,35712
35793,35893
36533,36085
36719,36523
36783,36646
36652,37024
37398,36943
36506,37368
36989,36997
37336,36958
36546,35487
36311,35975
37201,37467
37191,37483
36769,37589
37377,37200
36162,36599
36162,36231
35558,36139
35010,35524
34969,34979
34105,34699
34219,33817
33961,33756
33452,33660
33351,33228
33662,33160
33465,33434
32523,33256
32837,32713
32430,32702
31677,32093
31180,31546
31400,31545
31120,31544
30549,31543
30178,31539
30232,27390
29289,29218
29698,28915
29293,28965
28718,28948
29242,28611
28341,28662
27548,28358
27585,27795
26915,27350
26914,26956
26528,26852
25995,26456
24962,26185
24674,25761
24029,25229
24394,24617
23815,24507
23096,24266
23112,21679
22881,21478
21983,21359
22258,20907
21405,20843
21031,20561
21225,20262
20178,20364
20063,20107
19775,19871
19726,19659
19255,19522
18990,19510
19260,19443
18362,19584
18538,19285
18457,18820
17833,18581
17877,18446
17885,18278
17779,18064
17824,18088
18180,18099
17725,18180
18421,18310
18488,18566
18601,18747
19564,19186
20107,19702
20897,20316
21877,21179
22878,22224
24558,23255
26190,25529
28181,27047
29496,28985
31598,30569
31840,31533
32741,31535
33746,30778
34539,32807
34267,34263
34916,34756
34228,35300
34061,35171
34049,35158
34664,35016
34457,35206
34920,35364
34960,35586
34684,35705
34934,35601
34436,35226
34263,34711
34929,34242
34562,34361
34802,34109
34844,34488
34789,34356
35015,34255
34927,34499
34716,34644
34017,34626
34520,34389
34398,34400
34745,34297
35040,34438
34482,34879
35171,34628
34681,35002
35118,34889
34697,35119
35168,35045
35596,35124
34930,35373
35182,35206
35028,35135
35270,35030
35741,35219
35229,35529
34775,35361
35632,35159
35986,35510
36165,35794
35983,36302
36608,36190
35745,36559
37249,36276
36553,36925
37065,36859
37109,37224
37372,37140
37142,37272
37324,35339
37854,37469
37239,37790
38035,37610
38326,38338
38295,38562
38342,38552
37440,38591
37237,38636
38094,37776
38070,38045
36544,38138
37770,36178
36448,37079
36295,36244
35790,36291
35790,35344
35387,35371
34885,35226
34118,34576
33989,33865
34319,33645
33947,34092
39476,33664
32372,37642
33879,34307
32872,33941
31268,32938
31773,31663
32096,31088
31257,31542
30736,31541
31078,30501
29952,30484
30107,27767
30426,30563
29371,29836
29264,30222
28701,29430
28203,28791
28530,28231
28396,27982
27515,27231
27467,26674
26636,27744
26313,26947
26158,26780
25806,26597
24608,26019
24627,25314
23739,25042
23311,24451
23175,21966
22988,21877
21856,21482
22220,21111
21953,21072
21167,20854
21694,20681
21138,20518
19849,20197
20081,19866
19613,19712
19175,19381
19754,19321
18636,19280
17887,18959
19679,18747
18009,19205
17505,18857
18044,18670
17434,18355
17174,17983
17490,17835
16879,17607
16892,17126
17363,17136
17585,17159
17529,17521
18001,18006
17713,18340
18146,18233
18913,18586
18885,19197
19136,19330
20231,19914
20631,20426
21286,20954
23149,22214
23321,23464
25221,24255
26545,26578
27884,27704
28787,29033
29939,30231
30537,31125
31408,31663
32251,32475
32785,33166
32328,32217
33420,32579
32394,33061
33548,32914
33386,33696
32707,33848
32493,33703
33535,33594
32876,33753
32493,33485
33439,33199
33153,33109
33321,33080
33592,33136
32943,33142
33105,32919
33240,32861
32765,32666
32375,32447
32551,32239
32458,32082
32662,31995
32016,32384
32018,31906
31644,31953
32242,31876
31718,31983
32185,31722
32307,32122
32068,32180
32222,31996
32488,32087
31748,31951
32078,32011
31969,32093
31996,31923
32096,31965
32591,32101
32713,31857
32384,32264
32084,32317
32156,32454
32548,32535
32934,32418
32689,32654
32885,32668
33687,32851
33881,33151
33734,33543
34397,33794
33640,34117
33348,33942
33274,33838
32959,33528
32795,33140
33134,32896
33675,32806
33389,33078
33587,33300
32854,33568
32971,33403
32813,33332
32520,32841
32491,32629
32146,32532
31711,32656
32825,31778
31764,31793
31557,31855
31498,31613
31800,31606
30799,31755
31088,31384
31366,31172
30526,31117
29918,30688
29900,29408
30256,29305
30031,29453
29651,29537
29911,29309
29384,29523
29514,29355
28896,29323
28402,29106
29049,28596
28668,28449
28038,28523
27442,28263
26773,27752
26462,27113
25831,27066
25813,26392
25054,26064
24833,25794
23723,25400
23734,24515
23796,24063
23002,23863
22574,22018
22421,21557
21314,21256
21130,20703
21110,20384
20190,19971
20305,19428
19530,19348
19121,19128
18858,18981
18909,18775
18717,18618
17998,18597
17544,18279
17297,17958
17250,17691
16501,17539
16239,16894
16432,16475
16120,16452
15822,16271
16237,16089
15974,16298
15440,15609
15893,15457
15898,15867
15717,15918
16176,16036
16041,16212
16047,16212
16762,16270
17179,17268
17077,17795
17920,17931
18468,18384
18755,19013
21004,19649
21993,21183
21915,22544
23570,23057
24542,25524
24676,26066
26804,26523
27441,28097
28148,28733
29024,29294
29932,30049
30821,30847
30503,32313
30465,32396
31097,32273
31335,32639
31968,31544
31873,31547
32620,31548
32689,32604
32228,32653
32758,31555
33391,33000
32987,33231
32870,33324
33315,33249
32653,33081
32689,32879
32983,32649
31861,32519
32198,31563
31188,31565
31372,31562
31769,31562
31768,31562
31438,31563
31633,31562
31458,31562
31346,31562
31501,31561
31976,31560
32205,31562
31721,31564
31697,31564
31959,31565
31502,31566
31956,31566
31537,31567
32402,31567
32562,31360
32361,31712
32764,32019
32954,32233
32712,32422
33100,32597
32651,32868
33035,32756
33025,32920
33197,32962
33067,32979
33050,32954
33006,32974
33438,33060
32927,33302
34145,33210
33450,33770
33418,33727
33412,33709
33490,33491
33419,33505
33035,33504
32444,33194
33446,32764
32680,33050
33135,32799
33174,33058
33185,33085
32225,33158
32396,31569
31802,32684
31884,31571
32191,31572
31472,31576
30732,31574
30793,31570
30867,31567
30736,30497
29720,30537
30134,29884
29093,29827
27988,29419
28181,28554
28453,27936
27689,27901
26694,27431
26757,26770
26480,26491
25894,26378
25576,25637
25327,25319
24985,24966
24529,24653
24531,24438
23867,24329
22912,23835
22906,21644
22041,21398
21272,21109
21151,20588
20281,20435
20197,19987
19970,19446
19402,19074
18981,18963
18684,18743
18471,18247
17934,18013
17991,17752
17937,17482
17383,17448
17171,17248
17139,17019
16801,16931
16854,16960
16732,17021
16574,16934
16900,17045
16707,17144
16727,17080
16952,17185
17367,17117
17433,17485
18212,17854
19014,18444
19315,19633
20774,20146
22053,21222
23225,22733
25845,24265
27410,26118
28876,27244
31087,29340
32098,29540
32227,31557
33433,31559
34125,32201
33774,33596
34587,33974
33860,34357
34264,34140
34212,34364
34672,34368
34846,34580
34931,34982
35023,35204
34713,35192
35009,35116
34913,34928
34559,34530
35227,34210
34666,34197
35127,34081
35103,34334
35225,34687
35013,34690
35340,34748
35199,35382
34493,35318
34853,35010
35833,34833
34923,35370
35601,34957
35688,35256
34983,35462
35085,35271
35071,35180
34898,34937
35348,34960
35560,35156
35626,35270
34916,35621
35240,34936
35834,34967
35419,35492
35089,35522
35707,32435
35510,35419
35675,35585
35729,35528
36133,33644
36503,35784
36033,34882
36281,35362
36408,36438
37031,36518
36786,37134
37052,37092
37102,36359
37246,36708
37103,37115
37044,37459
37567,37201
37389,37302
37798,37537
37657,37839
38115,37879
36564,38338
37449,36359
37044,36873
36243,36779
36560,36044
36072,36228
35680,35805
35754,35500
34465,35512
33802,34583
33746,33793
33237,33373
33534,32950
33304,33147
33539,33066
33551,33096
32548,33417
32101,32342
32013,30111
31446,31565
31800,31565
31316,31565
31123,31565
31479,31562
31125,31562
30974,31558
30638,31557
29792,31554
29572,28727
29517,28683
28886,28561
28661,28314
28395,28018
27679,27706
27929,27257
27411,27340
26552,27270
25920,26878
25881,25781
25004,25461
25278,24916
24903,24760
23828,24405
24064,23820
23974,23613
22942,23520
22669,21918
21849,21764
21604,21250
21491,20984
21174,20809
20706,20553
20672,20423
20027,20303
19538,19969
19810,19921
19640,19963
18970,19898
19312,19650
19044,19551
18905,19306
19271,19393
19151,19531
18675,19441
18904,19455
19218,19509
18799,19686
19088,19763
20381,19701
19693,20427
21325,20652
22150,21495
22246,22365
23386,23223
24447,24055
25731,25691
27402,26867
29086,27847
30594,29494
32092,31550
32780,31551
32587,31518
33584,32488
33759,33426
34446,33901
34511,34765
35179,35172
34750,35525
35673,35597
35995,36167
35120,36426
36010,36422
35832,36791
35123,36708
35378,36283
34544,35866
35107,34937
35048,34731
35198,34660
35565,34950
35297,35548
34931,35510
34389,35143
34713,34705
34627,34546
34308,34465
35005,34225
35150,34527
34919,33698
35662,34152
35419,35390
35265,34846
35683,35155
35136,35736
35415,35461
35103,35604
35642,35166
35217,35351
35148,35197
35268,35146
35321,35282
35520,35272
34765,35515
35067,35093
34759,35143
34975,34897
35451,34810
35299,35160
35255,35236
35177,35362
35445,35259
35980,35444
35426,36008
35375,35521
36410,35773
36554,35610
36867,36398
36926,36450
37046,36773
36780,37189
37193,37082
36609,37377
36893,37186
37107,36976
36804,37062
36964,36865
37079,37224
37248,37259
36220,37198
36664,36611
36070,37214
35558,36539
35295,35996
34342,35292
33636,34236
34039,32931
33248,33096
33002,33067
33072,32778
32790,32685
32412,32543
31905,32403
32020,31554
31632,31555
31372,31556
30958,31555
31639,31550
30554,31550
29743,31548
29693,28128
30095,28253
28591,28624
28975,28250
28522,28446
28076,28187
27830,27882
27561,27666
27564,27368
27272,27296
26794,27133
26642,26865
26267,26738
25306,25608
24944,25156
25200,24761
24506,24542
25042,24174
23702,24468
23588,24111
22562,23756
23011,22049
22450,22088
21843,21726
21507,21478
21374,21127
20808,20877
20672,20514
20192,20236
19434,19989
19947,19616
20162,19503
19059,19680
19198,19579
19215,19255
18459,19024
18866,18849
18761,18787
18505,18990
18523,18907
18778,18902
18607,18802
19112,19020
19641,19353
20002,19789
20364,20447
21302,20950
21812,21873
23009,22652
24180,23663
25455,25309
27170,26494
28729,27497
30627,29046
31663,31543
32794,31543
32695,31608
32234,32526
33893,31547
32476,33379
33780,33211
34550,33700
34902,34297
35178,34985
35027,35586
34214,35812
34768,35635
34690,35484
34708,35319
35204,35273
34760,35283
34727,34797
34786,34505
34316,34256
34127,33931
34240,33820
34507,33983
34315,34327
34898,34280
34086,34901
33970,34284
34875,33969
34776,34300
34647,34547
34595,34765
34994,34683
34886,34791
35115,34897
34849,34946
35097,34825
35463,35134
34976,35324
35039,35214
35268,35270
35574,35295
36053,35473
35050,36089
35069,35608
35046,35348
35396,35305
35924,35369
35945,35654
35943,35926
35631,36070
35091,35894
35281,35389
35878,35265
35825,36021
36195,36046
36719,36222
36626,34727
36879,37440
38181,37415
37876,36184
37927,37745
37986,38081
37658,38881
37428,38359
38059,37416
37485,38138
38146,37712
38006,38141
37326,38181
37672,37874
36809,37836
36486,37470
35804,36249
35333,35472
34155,34918
34613,33554
34265,34312
34044,33824
34411,33586
33620,33958
32727,33569
32120,32895
32375,31642
31514,31829
31702,31139
32011,31044
30763,31556
30622,30556
30200,30308
29360,28450
28929,28646
29649,28337
28960,28596
29679,28642
28804,29013
27663,28572
27017,28023
27470,27271
27032,26967
26636,26957
26379,26823
25050,25385
25280,24824
25222,24631
24767,24322
25316,24215
24254,24606
24238,24291
24142,24319
23640,24298
22723,23931
23405,21920
22431,21911
21628,21566
21837,21614
21388,21572
20514,21318
21322,20815
20213,20853
19532,20584
20082,20391
19748,20274
18941,19892
19504,19547
18692,19304
18401,18885
18747,18876
18601,18587
18224,18569
18708,18660
18520,18719
18246,18627
19042,18763
19231,19104
19230,19394
20430,19822
21126,20471
21907,21154
23151,22448
24112,23821
25839,25356
27039,27166
28714,27615
30219,29164
31552,30977
32520,31312
32319,31294
34174,33245
34446,33173
33956,33959
34783,34333
34045,34774
34689,34587
35415,34947
35141,35401
35036,35501
34633,35671
35314,35419
34953,35561
35034,35516
35488,35169
34943,35249
34822,34944
35355,34530
34879,34648
34614,34612
35131,34425
34991,34390
34857,35215
34115,35049
34700,34404
35261,34574
35004,34852
34445,33879
35115,34846
34784,35101
34467,34962
34913,33963
34772,34718
34727,34663
34888,34525
34966,34744
34700,34975
35251,34691
35433,35007
35554,35280
34957,35514
35051,34901
34390,35118
35097,34739
35129,34737
35293,35134
35018,34993
35357,34993
34862,35114
36221,35065
36194,36217
35690,36395
36447,36034
36105,36390
35726,36076
37127,35677
36460,36460
36571,36329
37673,36660
37239,37361
37885,37016
37648,38839
37764,38455
36951,37634
38002,36964
36944,38286
37513,37381
36513,37710
36293,37204
35700,36403
35499,34703
35256,35646
34627,35209
34434,35185
33859,34505
32976,33758
34150,32393
33470,33009
32556,32875
33996,32437
32853,32996
31906,32712
31368,31655
30889,31004
30825,30315
30705,30312
30196,30447
30060,28770
29483,28985
29579,28762
29127,28798
29547,28768
28890,29081
28138,28878
28302,28359
27474,28078
26651,27324
26755,26797
26310,26384
26410,24925
26293,25265
25731,25472
24972,25399
24877,25095
24586,24747
24507,24526
24141,24475
23636,24202
23258,23925
23160,22145
22861,21929
21716,21726
21370,21564
21312,21259
20443,20992
20914,20829
20292,20744
19426,20355
20122,19877
19959,19711
19123,19715
19365,19674
18982,19592
18628,19249
19020,19069
18748,18977
18231,18943
18869,18884
18800,18955
18589,19036
19057,19314
19436,19601
19590,19841
20751,20212
21346,21064
21757,21719
23398,22641
24263,23738
25325,25607
27346,26711
28782,28066
30230,29527
31545,31216
32439,31390
32575,31564
33544,32842
33061,33578
33785,33614
34141,34049
34192,34340
34611,34458
34823,34783
34692,35000
34577,35019
34942,34861
34924,35053
35645,35110
35702,35547
35225,35631
35107,35310
34974,34989
34344,34620
34668,33749
34596,33825
34621,33876
35108,34036
35169,34529
34723,34726
34989,34723
34849,34851
34612,34786
34004,34733
33041,34287
34697,33381
34305,33890
35565,33905
34683,33455
34406,33879
35161,36280
35168,35834
34806,35664
36422,35501
35589,36180
35884,35991
36017,36063
35203,35945
34533,35488
35042,34917
35631,34734
35289,35778
35590,35828
36384,35952
36673,36440
36140,36758
36789,36358
36406,35684
36838,36963
37830,37070
37052,37593
37219,37435
37761,37208
37637,37506
37861,37821
37717,38041
37490,38002
38083,38104
37675,38385
37717,37571
38055,38251
37954,36253
37208,37004
37444,38012
36521,36941
36336,36472
35913,36072
35012,35692
34553,34758
33596,34184
33994,32564
33473,32948
33021,33114
32412,32764
31934,32223
32123,31632
32133,31593
31646,31585
31803,31407
31345,31466
31058,31079
30907,30869
30309,30713
29313,28601
30302,28378
29288,28744
28850,28637
28074,28556
27982,28061
27410,27779
27219,27321
26608,27094
26035,26761
26040,25339
25785,25101
25422,24867
25102,24720
24925,24517
24443,24288
24410,24159
24140,24025
23389,23906
23267,22018
23031,21842
22226,21497
22304,21543
22280,21505
21459,21514
21434,21327
21119,21258
20461,21076
20262,20947
19803,20627
19353,20159
19343,19707
18897,19464
18583,19109
18496,18855
17995,18530
18008,18146
17849,18088
17516,17991
17437,17701
17425,17600
17186,17525
16900,17178
17268,17033
17161,17214
17089,17231
17582,17352
17736,17703
17937,17997
18671,18367
18959,18912
19276,19400
20218,19872
20748,20622
21595,21369
23064,22340
24150,23537
24925,26394
26763,27014
27412,28165
28141,29065
29343,29926
29860,30787
30370,31406
30905,32038
31742,32556
31378,32982
31693,33131
31843,33196
31571,31535
31770,31535
32350,31537
32408,33072
32681,33353
32804,33524
32638,33553
32899,33594
32862,33611
33493,33422
33420,33686
33459,33627
33695,33536
33710,33627
33929,33659
33207,33700
33181,33409
32734,33310
32429,32518
32414,32297
32276,32199
32148,31539
32431,31541
32426,31857
31945,32225
32255,31543
32557,31552
32932,32337
32304,32667
32365,31555
33050,32393
32553,32993
32636,32707
32300,32592
32449,31556
32361,32357
32587,32313
32172,32496
32908,31558
33153,32572
33519,32857
33329,33275
33913,33391
33578,33853
33392,33940
34154,33766
34130,34062
34048,34180
34117,34276
33442,34125
33944,33444
33882,33660
33890,33784
33182,33902
33874,33438
33786,33599
33468,33725
33044,33639
32943,33200
33647,32957
32581,33571
32814,33106
32329,32785
32107,32432
32126,32516
31612,32173
31376,31830
31421,31544
31223,31421
30241,31293
30226,30926
30095,30467
29129,30171
29473,29592
29473,29215
28293,29125
28800,28577
28873,28479
28279,28388
27820,28206
27554,27986
27462,27563
27451,27477
26508,27315
26783,26701
26018,26661
25885,25718
25176,25436
25475,25188
25252,25225
24921,25047
24565,24974
24205,24822
23587,24475
23542,24157
23224,24003
22744,22129
22643,21930
22278,21871
21626,21696
21772,21379
21378,21177
20733,21014
20925,20859
20271,20627
19668,20443
19767,20100
19227,19827
18730,19327
18603,19028
18179,18625
17637,18266
17843,17969
17311,17771
17298,17383
16999,17300
16878,16969
16613,16781
16546,16643
16424,16501
16174,16305
16466,16272
16155,16371
16073,16244
16943,16348
16961,17060
16865,17273
17517,17348
17609,17811
17935,18095
18651,18566
18952,19115
19384,19528
21518,20103
22335,21631
23420,23050
24216,24487
25124,26522
26030,27047
27533,27780
28461,28896
29218,29562
29695,30517
31022,30975
30390,30788
30743,31102
30604,31336
30832,31309
31411,31352
31186,31701
31385,31824
32083,32087
32026,32373
32540,32333
32700,32588
32647,32841
32783,32985
32398,33090
32684,32757
32882,32585
32670,32583
32064,32424
31686,32167
31087,31746
30888,31431
30689,31122
31377,30890
30769,31091
31306,30958
32293,31192
32207,31830
31825,32200
31909,32178
32485,31995
32366,31902
32183,32048
32091,32077
32511,31939
32217,31743
31902,31796
32128,31779
31922,32020
32441,32077
32877,31907
32386,32355
33001,32421
32864,32691
32862,32846
32944,32814
33447,32773
33357,33177
33599,33366
33713,33508
33547,33522
34058,33600
33838,33863
33607,33851
33931,33779
33905,33940
33358,33989
33505,33766
33336,33643
32580,33370
32886,32791
32341,32763
32731,32384
32112,32549
31695,32898
32379,32374
32029,32062
31442,32351
31234,31938
31312,31603
30817,31378
31098,31008
30706,30980
30139,30729
29507,29944
29696,29460
29432,29317
29751,29157
30025,29353
29138,29638
28380,29328
28229,28858
27499,28391
27451,27897
26148,27513
26423,26243
25682,26043
25726,25649
25166,25359
25193,25013
24377,24870
23819,24413
23503,24098
22690,22246
21936,21725
21603,20935
20949,20270
20846,19579
20532,19256
20259,19195
19481,19246
19031,18945
18819,18653
18189,18400
18288,18163
18380,17784
17529,17766
17910,17413
17366,17444
17228,17270
17138,17394
16764,17364
16652,17203
16466,17087
16218,16599
16499,16391
16354,16541
16175,16442
16462,16404
16545,16650
16658,16896
17135,17045
17877,17388
18362,18042
19066,18608
20127,19597
21426,20681
22505,21925
24613,23354
26494,25100
28295,26656
30398,30420
31619,28953
32233,31560
33523,31562
33867,32506
33716,33446
33548,33801
33980,33679
34121,33774
34042,33933
34103,33919
34790,33977
34628,34514
34465,34859
34755,34944
35537,35135
34553,35627
34987,34715
35279,34685
35144,34908
35361,34731
35376,34792
35340,34812
35029,34996
34748,34919
34556,34744
34642,34590
35079,34476
35061,34898
35210,35177
35251,35259
35045,35256
34214,35274
34917,34376
34642,34482
34272,35021
34951,34429
34699,34551
35135,34376
35872,34775
35575,35457
35134,35642
35330,35225
35401,36684
34766,36358
35197,34712
35184,34722
35459,34726
35426,35056
36030,35130
35442,35951
35950,35929
35963,36171
36177,36141
36620,36456
36244,36748
36338,36496
36864,36496
37481,36648
37141,36411
38242,36956
37489,37802
37425,37947
37612,37885
38059,37879
37840,38071
38364,38055
37551,38119
37545,37728
37313,37626
36584,37396
36018,36696
35808,35063
34872,35068
34538,34440
34318,34233
33309,33893
33206,32757
33280,32588
33434,32942
32449,33015
32424,32153
32782,31948
31843,32074
31567,31570
31575,31570
30709,31570
30524,31568
30075,31562
29785,27192
29135,27725
29332,28004
28558,28356
28206,28247
27810,27989
27656,27662
27190,27568
26941,27189
26823,26779
2,26595
2,17085
1,-4343
2,-7779
1,-5939
1,-127
1,-1691
1,-113
2,154
2,-593
1,1145
2,-279
2,-82
2,1106
1,-249
1,1418
1,429
1,2400
1,620
1,4450
1,873
1,-1706
1,8393
1,-41247
1,80754
1,15651
1,15646
1,15640
1,15635
1,15630
1,15624
1,15619
1,15613
1,15603
1,15597
2,15581
1,15576
1,15570
2,15565
2,15554
1,15549
2,15538
2,15527
2,15522
2,15511
2,15506
2,15501
3,15495
2,15485
2,15479
3,15469
3,15453
2,15437
3,15432
3,15426
3,-18191
3,7710
3,7707
3,7702
4,7699
3,7689
3,7686
3,7683
2,7681
2,7678
3,7670
3,7665
2,7662
3,7660
3,7657
3,7649
3,7647
2,7644
3,7642
2,7634
3,7623
2,7621
2,7616
3,7613
2,7611
3,7608
3,7600
3,7598
3,7595
3,7593
3,7590
3,7585
3,7580
3,7577
3,7575
3,7572
3,7570
3,7567
4,7565
4,7562
3,7560
4,7557
4,7552
3,7550
3,7547
3,7545
4,7542
4,7539
4,7537
5,7534
4,7532
4,7529
4,7524
4,7522
4,7519
4,7514
4,7512
3,7509
4,7507
4,7500
3,7497
3,7495
4,7492
3,7490
3,7485
3,7482
3,7480
3,7477
3,7475
4,7472
3,7467
3,7462
3,7460
3,7455
4,7452
3,7450
3,7448
3,7445
3,7443
3,7440
3,7438
3,7435
2,7433
3,7428
2,7421
3,7418
2,7416
2,7408
2,7406
26773,7404
25922,13402
25371,12288
25385,16319
24862,13019
24170,13120
24084,13311
23269,13495
22785,8414
22386,8499
21644,8581
21258,8659
21096,8734
20995,8807
20254,8878
20006,9076
19761,9203
19272,9381
18780,9493
19002,9546
18459,9600
18323,9700
18425,9796
17728,9843
18083,9887
17388,9933
17180,9975
17402,10016
17257,10057
16903,10174
17445,10211
17320,10250
17307,10287
17924,10324
17783,10364
18103,10402
18903,10441
19285,10481
19831,10523
20960,10566
22166,10655
23371,10750
25274,10802
27011,16041
28430,18420
30166,19112
31650,19799
31694,19507
32994,19576
32497,19985
32860,20241
34011,20609
33517,21081
34167,21255
34932,21574
34237,21904
34264,22013
33802,22199
34329,22155
33791,22226
34839,22282
34111,22501
34175,22118
34366,22194
34100,22212
34160,22171
34445,22382
33597,22559
34250,22473
34481,22682
33747,22900
34037,22771
34666,22844
33907,22959
33705,22934
34119,22958
33739,23073
33393,23194
33742,23090
33668,23098
34037,23150
34906,23375
34299,23721
35067,23802
35321,24110
34619,24281
34979,24271
34803,24476
35182,24480
35000,24668
35093,24723
34764,24679
34687,24808
35306,24850
35716,25096
35156,25362
35127,25340
35532,25236
35500,25444
36150,25541
35850,25739
35761,25721
36782,25848
36224,26128
36714,25673
37440,26395
37304,26706
37001,26856
37356,26850
37342,26943
36911,27012
36990,26951
36940,26857
36964,26758
36671,26914
36455,26937
35419,26842
35165,26781
34984,26442
34126,26109
33752,25894
33529,25723
33697,25435
33389,25554
33102,25444
32002,25348
32532,24794
31826,24993
31948,25280
31172,25160
31347,24877
30858,24900
30376,24524
29988,24268
29039,22387
29147,22526
29181,22727
28309,23433
27993,23280
28123,23197
27267,23114
26947,22936
26884,22732
25976,22617
26463,21973
25680,21992
25244,22004
25625,22014
24851,22026
24314,22035
24501,22042
24099,22068
23364,22072
22801,16956
22610,16963
21774,16971
21678,16976
21130,16981
20822,17001
20588,17006
20125,17009
19405,17011
19449,17013
19096,17015
18677,17015
19533,17016
18375,17017
18247,17017
18290,17015
17876,17015
17846,17013
17962,17009
17490,17006
17715,17000
17781,16999
17414,16994
17712,16993
18262,16992
18423,16992
18396,16992
19389,16991
19989,16992
20395,16995
21552,17003
22512,17007
23606,17013
25966,22114
27442,22125
29144,23138
30695,24288
31379,24808
31603,25535
33488,25942
33185,25927
33458,26238
34273,26500
34279,26715
34855,26852
35067,27155
34807,27317
34887,27399
35157,27563
34871,27676
34929,27667
35408,27726
35411,27751
35566,27732
35760,27811
35458,27827
35602,27853
35453,28017
34900,27949
35437,27733
35603,27891
35395,27975
35742,27981
35462,28118
35021,28066
35168,27987
35576,28005
35081,28125
35135,28087
34940,28083
35159,27920
35062,27486
35194,27670
35012,27825
34907,27953
36125,27999
35613,28387
35888,28513
35735,28487
35770,28590
35294,28640
35780,28512
35866,28557
35980,28705
36718,28668
36130,28947
35607,28966
35930,28945
36234,28874
36482,29033
36468,29213
37033,29282
37057,29508
37120,29687
37055,29723
37399,29470
37820,29778
38087,30010
37709,30251
37762,30234
37958,30217
38731,30205
38475,29337
37719,30626
37803,30351
38499,30353
37798,30794
37383,30163
37071,30082
36614,29939
35780,29753
35283,29364
34900,29076
34392,28880
34530,28640
33923,28589
33183,28410
32656,28138
32886,27868
31993,28016
32265,27214
31390,27322
31141,27213
30915,27144
30702,26931
29497,26784
29499,25747
29151,25764
28788,25826
28361,25802
28024,25694
27239,25548
26779,25042
26426,24846
26206,24316
26308,24325
25517,24329
25868,24335
25645,24341
24757,24344
24526,24345
24530,24343
23877,24343
23605,24342
22816,24340
22592,19231
22312,19230
21826,19231
21610,19231
20935,19229
20686,19226
20356,19222
19741,19220
19780,19214
19014,19212
18996,19210
18836,19206
18620,19203
18477,19199
18445,19186
18029,19178
17874,19174
18132,19170
17519,19162
17476,19158
17637,19148
17531,19134
17739,19129
17914,19120
18063,19111
18390,19108
19022,19104
19269,19101
20112,19099
21329,19097
22064,19096
23316,19096
25917,19098
27338,24160
29090,25264
30921,25979
31393,27010
31994,27672
33475,28102
33421,28103
33199,28443
34041,28567
34059,28720
34336,28836
34790,29014
34798,29162
34853,29340
34578,29551
35130,29530
34944,29691
35274,29780
35298,29627
35842,29555
35975,29722
35632,29786
36088,29694
36345,29989
36037,30055
35797,29982
35739,29904
36163,29809
35103,29900
35432,29638
35604,29585
36061,29636
35705,30174
35766,29873
35407,29933
35257,29838
35704,29763
35085,30046
35394,29815
36099,29752
35883,29971
36441,29020
36500,30164
36690,30298
36040,30520
35981,30263
36354,30162
36439,30283
37019,30289
37235,30534
37005,30732
37452,30772
37894,30982
37453,31325
38338,31154
37576,31315
37267,31808
37922,31197
37868,31425
37577,30573
37809,30862
38216,31050
38757,31455
38829,32033
38192,31816
39356,31679
38704,32344
38378,32055
38526,31781
38153,31781
37952,31611
36820,31449
36889,30653
36459,30737
35719,30628
35445,30424
35153,30216
35021,30030
34540,30006
34211,29769
34659,29581
33347,30064
33147,29435
32805,29170
33003,28914
32938,28836
31803,29158
31279,28098
31340,28025
30903,28015
30351,27944
30215,27396
29666,27332
29517,27243
29279,27261
28919,27209
28584,27073
28098,26927
28166,26731
27702,26666
27201,26527
26677,26037
26428,25842
25997,25305
25617,25308
27445,25309
24869,25897
24390,25315
24246,25312
23731,25307
23154,25304
23217,20240
22889,20240
22026,20239
21634,20238
21603,20237
21033,20235
20681,20233
20610,20231
20254,20225
19894,20222
19405,20220
19170,20213
19099,20209
18792,20206
18261,20203
18120,20190
17558,20187
17498,20177
17460,20172
17119,20163
17216,20158
16791,20142
16907,20132
17211,20116
16804,20106
16687,20101
17385,15064
17097,15065
17465,15066
18021,15067
18012,15069
18624,15070
19531,15071
19830,15072
20573,15075
22219,15077
22939,15083
23843,15086
25750,25143
26621,25148
26991,28076
28396,28809
29229,29380
29664,30380
30477,31238
30881,31510
31238,31479
31183,31977
31537,32013
31762,32027
32452,32392
32805,32640
33143,33065
33016,33618
33360,33658
32997,33837
33322,33807
33646,33847
33531,33853
33971,33923
33456,34098
33853,33809
33860,33866
33456,33883
33014,33665
32727,33366
33038,33039
32369,33024
31946,32685
31911,32616
31445,32161
32135,31731
32124,31875
32121,32068
31914,32184
31823,32163
32445,31901
32654,32094
32199,32367
32084,32130
32609,32043
33011,32161
33280,32742
33204,33070
33352,33216
33681,33314
33869,33520
33805,33838
34047,33990
33807,34153
34467,34071
34177,34259
34693,34275
34515,34646
34541,34718
34692,34718
34401,34725
34422,34580
34416,34628
33691,34570
34556,33830
33864,34073
33658,33755
34283,33587
34061,34017
33540,34002
33403,33814
33148,33571
33085,33289
32769,33183
32620,32811
32464,32589
31893,32401
32439,32182
32152,31956
31752,32167
31663,31769
31037,31556
30664,31242
30615,30889
30119,30506
29702,30401
29841,29750
29047,29401
29018,29033
28693,28889
28804,28568
28727,28518
28724,28481
28588,28517
27748,28460
27515,28119
27469,27707
27681,27331
27183,27360
26638,26881
26247,26587
26368,25152
25529,25156
25198,25157
25091,25157
24104,25157
23841,25154
23285,25150
22680,15089
22150,15091
21963,15095
21290,15097
21060,15099
20921,15105
20093,15107
19676,15108
19673,15109
18860,15111
18684,15113
18486,15114
17910,15115
17687,15118
17369,15119
16852,15119
16525,15120
16397,15120
16085,15121
15810,15121
16096,15121
15566,15122
15539,15122
15531,15122
15234,15122
15170,15122
15503,15122
15218,15122
15384,15122
15778,15122
15831,15122
15901,15123
16212,15123
16496,15123
16820,15124
17308,15125
17746,15126
17996,15127
20259,15128
20789,15129
21635,15133
23213,15134
23576,15139
24525,25145
25564,25143
26435,25146
27165,25149
28227,29182
29447,29590
29931,30582
30334,31285
30756,31827
31498,31499
32059,32058
31818,32533
32535,32676
33044,32492
32694,32816
33227,32743
33104,33031
32994,33057
32883,33027
33417,33034
33169,33208
33074,33235
33091,33187
31992,33084
32053,32576
32223,32143
31367,31989
31580,31606
31579,31421
31370,31206
31088,31178
31711,31070
31527,31108
31859,31375
31972,31803
32141,31817
32158,32105
32075,32192
32468,32043
32019,31984
31974,32031
31766,31875
32674,31777
32766,31923
32631,32128
32982,32373
32444,32966
33205,32745
33172,33196
33231,33374
33023,33488
33557,33125
33210,33529
33003,33314
32787,33175
33352,32894
32766,33067
33026,32850
33112,32870
33544,33026
33331,33367
33329,33398
33318,33328
33277,33386
33888,33387
32703,33769
32120,33353
32951,32839
32332,32589
31991,32357
31662,32440
31306,31791
31082,31540
31690,31361
31558,31572
30725,31605
30881,31382
30909,31083
30056,30957
30212,30920
29655,30558
29179,30008
29545,29417
30414,29166
29619,29524
29441,29869
28992,29664
28165,29043
28266,28730
27305,28346
27113,27730
2,27346
2,15142
2,15137
2,15133
2,15128
1,15124
1,15119
1,15114
1,15110
1,15101
1,15096
1,15092
1,15087
1,15083
1,15078
1,15073
1,15069
1,15060
1,15055
1,15051
1,15046
1,15042
1,15037
1,-96675
1,7515
1,7510
1,7508
1,7505
1,7503
1,7501
1,7499
1,7496
1,7494
1,7492
1,7490
2,7483
2,7479
2,7476
1,7474
1,7467
1,7463
1,7459
1,7456
1,7454
2,7452
2,7447
2,7445
2,7443
2,7441
2,7439
2,7436
2,7434
3,7432
3,7430
3,7428
3,7425
2,7423
3,7421
3,7419
3,7417
3,7414
3,7412
3,7408
3,7406
3,7404
3,7401
3,7399
3,7397
3,7395
3,7391
3,7388
3,7386
3,7384
4,7382
3,7378
3,7375
2,7373
3,7371
3,7367
3,7364
3,7362
2,7360
4,7358
3,7354
3,7352
3,7347
3,7343
2,7341
3,7339
3,7336
3,7334
3,7330
3,7328
3,7326
3,7321
3,7317
3,7315
3,7313
3,7311
3,44
3,44
4,44
4,44
3,44
3,43
3,43
4,43
4,43
3,43
3,43
3,43
3,42
3,42
3,42
3,42
3,42
3,41
3,41
2,41
3,41
3,41
3,40
3,40
3,40
3,40
2,40
2,40
2,39
3,39
2,39
2,39
2,39
2,39
2,38
2,38
2,38
2,38
2,38
2,38
2,38
2,38
2,37
2,37
2,37
25811,37
24913,12740
24592,12814
24043,12886
23169,12955
22501,8498
22096,8627
21120,8689
20396,8862
20127,8918
19468,9023
18713,9073
18704,9167
17777,9213
17640,9257
17119,9340
16615,9419
16248,9457
16566,9528
15855,9564
15452,9665
15557,9696
14781,9728
15055,9757
14641,9786
14009,9814
14090,9867
14097,9892
13588,9918
13721,9966
14019,10037
13572,10061
13840,10129
14260,10151
13944,10198
14136,10220
14709,10242
14565,10290
15055,10312
15865,10336
16238,10362
16923,10414
18042,10442
18171,10472
19348,10502
21025,10535
21935,10641
23025,10714
25701,10791
26255,15351
27240,15397
28108,18953
29100,17585
29261,18146
30741,18474
31066,18685
31362,19017
32202,19444
32538,19679
33206,19656
33688,20053
33923,20336
34864,20611
34468,21123
34808,21216
34806,21394
35377,21500
35052,21646
34530,21592
35186,21583
34949,21673
35110,21763
36018,21861
35476,22181
35298,22246
34840,22313
35026,22177
34359,22172
34162,22054
33699,21851
33635,21691
34091,21637
34120,21752
33751,22070
34611,22082
34849,22480
34866,22989
34957,22931
34379,23117
34454,22932
35643,22897
34896,23279
35505,23061
35680,23412
34942,23531
35164,23278
35555,23353
36032,23513
35607,23819
35960,23891
36322,23992
36423,24175
36877,24361
36309,24547
36498,24471
36089,24520
36802,24290
36135,24560
35982,24592
35735,24431
36379,24496
35773,24378
36052,24908
36516,24909
37061,24690
36344,25221
36362,25363
36171,25260
36449,24871
35624,25147
35022,24765
34766,24371
34296,24303
34439,24669
33723,24137
32927,24422
33155,23967
33503,23929
32884,23903
32958,24031
32809,23957
32816,23762
32749,23743
32618,23680
32629,23649
32603,23673
32502,23682
32348,23614
32028,23709
31764,23308
31571,23321
31728,23318
31454,23445
30886,23431
33010,23386
31479,24160
30359,23792
29694,23289
28606,22860
27494,22299
27143,21818
26483,21112
25450,20783
25009,20591
23710,20602
22309,20607
21733,16102
20630,16110
19671,16117
19268,16132
18052,16141
17454,16143
17270,16145
16326,16147
16034,16147
16145,16147
14991,16147
14866,16145
14895,16143
14008,16142
13884,16138
13969,16135
13329,16127
13732,16123
13663,16120
13006,16116
13567,16112
13334,16099
12875,16095
13123,16091
13296,16083
13144,16072
13295,16068
13422,16064
13404,16056
13767,16052
13964,16049
14083,16046
14441,16043
15382,16041
15293,16038
15972,16037
17635,16037
18105,16039
19074,16042
20392,16046
21386,16062
22885,16081
25153,16090
26472,20612
28139,21935
30275,22804
31655,23769
33248,23618
34843,24391
35347,25780
36254,26310
37484,26733
37646,27266
38515,27438
38639,27753
39437,27757
39977,28157
39581,28435
40398,28387
39938,28609
40194,28545
40376,28538
40204,28562
39690,28659
38658,28239
38006,27706
36967,27293
34984,26589
34569,25476
33924,26977
32693,25799
32532,24972
32647,24764
32279,24829
32410,24652
32477,24788
32819,25089
33175,25240
33712,25327
33590,25975
33718,25836
34051,25772
34104,25829
34035,25950
34108,26024
34295,25449
34567,26286
34803,25597
35151,26219
34919,26587
35382,26780
35599,26961
35408,27146
36184,27283
35809,27512
35463,27464
35414,27369
35633,27253
35418,27282
36124,27288
35730,27480
35538,27476
35649,27479
35489,27492
35427,27452
35175,27428
35474,27304
34819,27437
34611,27272
34316,27109
33593,27922
33503,26836
33576,26634
32735,26564
33002,26383
32322,26365
32154,25990
32261,25911
32129,25905
31203,25877
30940,25616
30449,25431
30423,25175
29824,25112
29411,24037
29163,23984
28893,23946
28492,24132
27597,24047
26807,23836
26108,22831
25768,22641
25358,22646
23979,22652
23392,22654
22533,18144
21666,18147
20702,18151
20464,18152
19546,18155
19224,18154
18863,18153
18116,18151
17721,18149
17384,18144
16539,18141
16741,18138
15824,18133
15473,18129
15373,18121
14687,18117
14534,18112
14291,18107
14041,18102
13826,18097
13635,18091
13495,18084
13391,18079
12982,18060
13050,18054
12754,18048
12719,18041
12591,18035
12576,18028
12556,18022
12485,18015
12442,18008
12502,18002
12686,17995
12581,17976
12682,17964
12780,17957
12933,17951
12913,17945
13462,17928
13532,17921
13484,17916
14071,17906
14236,17900
14402,17896
15686,17891
16133,17885
16645,17882
17316,17880
18002,17878
18449,17877
19824,17876
20532,17876
21672,17878
22540,17887
23757,17890
24865,22409
26284,22417
26777,22433
27204,24528
28905,23240
29804,24969
30501,25393
31907,25730
31929,26123
32558,26261
33283,27125
33349,27268
33408,27332
33832,27203
33884,27199
33531,27144
33083,27108
32302,26897
32050,26748
31581,26290
31010,25988
30501,25718
30123,25472
29439,25844
29805,25283
30416,25071
31112,24834
31243,25111
31315,25493
31248,25651
31393,25702
31793,25766
31605,25806
31959,25756
32234,26027
32165,26044
32247,26053
32970,26062
32995,26315
33103,26487
33683,26679
33026,26922
32425,27003
33265,26906
33223,26908
32856,26897
33839,26805
33470,26965
33660,27049
32826,27244
33042,27044
33071,26997
33767,27027
32857,27149
33477,27027
33002,27204
32948,26955
32644,26905
32422,26823
32106,26691
31340,26333
31461,26340
30742,26347
31240,26351
31171,26364
30979,26371
30686,26377
30554,26383
30520,26395
29861,25954
29566,25336
29253,25131
28819,24961
28685,24834
28059,24659
27284,24494
27417,23868
27168,23887
26553,23825
26573,23772
26540,23727
25965,23671
25836,23244
25035,23247
24383,23249
24310,23250
23025,23252
22153,18734
21694,18736
20954,18737
20446,18738
19773,18737
19202,18775
18303,18772
17969,18768
17332,18764
16696,18762
16343,18759
15477,18752
15483,18749
15095,18745
14157,18741
14026,17508
13741,17505
13288,17500
13161,17493
12908,17482
13052,17473
12518,17460
12361,17449
12223,17438
12033,17413
11885,17394
12137,17381
11874,17369
11746,17356
12009,17330
11794,17318
12072,17305
12326,17288
12255,17278
12510,17257
12910,17234
12843,17227
13359,17217
14095,17211
14563,17210
14901,17210
15797,18563
16286,18560
17421,18557
18393,18555
19149,18554
21639,18550
23246,18552
24105,18555
25500,23027
27079,23030
27541,24007
28468,25043
28698,25389
29086,25474
30144,25626
31032,25966
31272,26038
31535,26293
32742,26458
32398,26751
33395,26921
32930,27249
33895,27249
33430,27530
32894,27491
33679,27252
34019,27289
33810,27376
33538,27343
33925,27271
33556,27340
33489,27344
32778,27365
32560,27167
32150,26978
32064,26601
32069,26501
31455,26494
32291,26309
31896,26465
31625,26502
31983,26508
31765,26538
31994,26606
32283,26721
31899,26721
32319,26653
32459,26768
33300,26713
32441,26956
32790,26961
32397,27019
33144,26997
33124,27171
32569,27293
32825,27216
32846,27237
33038,27243
32645,27280
33582,27260
33600,27451
32815,27665
33747,27588
34475,27709
33516,27988
33276,27922
33503,27762
33392,27669
33400,27650
33268,27673
32727,27560
32990,27412
32860,27352
32266,27341
31871,27382
31528,27088
31546,26874
31245,26827
31218,26740
30414,26600
30614,26376
30759,26345
30640,26251
30196,26278
30277,26150
30406,26094
29584,26240
28909,25954
28510,25676
28254,25369
28413,25181
27813,25066
27264,24939
26732,24593
26531,24397
26252,24238
26251,23735
25548,23738
25100,23740
24953,23741
24218,23742
23714,23741
23295,23740
22919,19270
22456,19272
21611,19273
21078,19273
20415,19275
19914,19275
19164,19273
18436,19272
18060,19271
17398,19269
16828,19268
16496,19262
15985,19259
15324,19256
15115,19252
14721,19248
14320,17872
13995,17871
13643,17861
13394,17857
13327,17852
12778,17847
12753,17830
12488,17823
12120,17808
12208,17798
11996,17784
11878,17774
11760,17754
11642,17733
11553,17722
11827,17711
11740,17701
11734,17686
11820,17676
12331,17666
12185,17658
12444,17650
12653,17640
13168,17628
13515,17619
13832,17616
14050,17613
14668,17608
14882,17608
15504,19051
17726,19047
18346,19044
18967,19042
20110,19036
21058,19034
22069,19034
22925,19036
24164,19038
24899,23492
26499,23494
27221,24491
27443,25016
28444,25276
29097,25658
29632,25974
30192,26255
30314,26542
30248,26684
30874,26680
31378,26989
31124,26881
31322,26866
31619,26895
31546,26909
31495,26953
31355,26937
30728,26802
30527,26641
30284,26459
30681,26636
28834,26247
29422,26286
28952,26028
28716,25782
29020,25609
28905,25533
29412,25503
29577,25601
29885,25626
29708,25714
29949,25808
30379,25828
30135,25889
30484,25927
29946,25969
30281,25952
30604,26105
30746,25932
31001,26103
31123,26257
30898,26484
31041,26492
31417,26600
31257,26705
31832,26737
31508,26866
31482,26837
31660,26839
32132,26881
31050,26996
31076,26848
31103,26756
31596,26705
30757,26827
31569,26752
31462,26813
31139,26858
31204,26851
30837,26823
30308,26770
30448,26834
30041,26457
29757,26428
29099,26291
29376,25982
29896,25904
29379,26011
29261,25924
29426,25880
29239,25977
28729,25935
28606,25758
28194,25621
28146,25484
27911,25287
27378,25166
26983,24822
26944,24656
27092,24569
26346,24588
25856,23869
25711,23871
25822,23874
25216,23879
24847,23880
24456,23881
23787,23881
22974,23880
22691,19425
22016,19426
21783,19427
21196,19427
20691,19427
20036,19427
19346,19425
18487,19423
18509,19422
17856,19420
16984,19419
16476,19412
16055,19404
15255,19396
15347,19393
14722,19389
14205,17932
13994,17930
13560,17929
13106,17926
13291,17921
12666,17917
12357,17907
12225,17896
12052,17889
11673,17870
11650,17862
11460,17848
11170,17839
11231,17829
11211,17813
11022,17793
11227,17783
11218,17773
11206,17764
11360,17739
11301,17730
11329,17721
11725,17712
11857,17697
12098,17689
12184,17676
12160,17667
12392,17661
12732,17647
13201,17642
14113,17638
14781,17637
15250,19206
15698,19204
16592,19200
17309,19194
17860,19190
19344,19185
19963,19184
20370,19184
21726,19183
22562,19186
23335,19187
24271,19189
25052,23630
25641,23631
26132,23634
26245,23637
26791,23642
27777,25209
28264,25122
28033,25417
28730,25554
28974,25737
28937,25846
28724,25929
29043,25896
28348,25887
28143,25817
27828,25689
27278,25476
27195,25584
26899,25332
27439,24527
27446,24531
27509,24960
27694,24992
27711,25074
27471,25069
28112,24972
28916,25043
28623,25222
28580,25242
28688,25237
28908,25244
28916,25292
28654,25320
29136,25337
29406,25443
29190,25607
28848,25692
28647,25701
29260,25648
29067,25683
29170,25727
29963,25781
29654,25952
29981,26041
30214,26150
30235,26180
30458,26229
30446,26404
30227,26420
30773,26380
30836,26432
30705,26488
31044,26515
30949,26543
30526,26555
30241,26561
30344,26643
29516,26569
29682,26372
29451,26292
29264,26142
29441,26040
29671,26034
29236,26049
28596,26019
29209,25861
28760,25843
28508,25804
27841,25698
27709,25422
27256,25252
26752,24721
26572,24722
26793,24722
25992,24724
25786,23887
25580,23889
24939,23892
24844,23892
23941,23893
23672,23892
23477,23891
22824,19452
22182,19453
21362,19454
20653,19455
19737,19456
19423,19456
18692,19455
17824,19453
17132,19452
16755,19450
16282,19446
15541,19444
15197,19441
14793,19436
14388,19432
14032,17856
13670,17849
13136,17847
13133,17840
12844,17836
12580,17829
12394,17824
12388,17819
11834,17808
11895,17795
11654,17786
11491,17773
11426,17766
11256,17758
11005,17751
11233,17742
11164,17734
10927,17727
11245,17710
11292,17695
11451,17687
12036,17680
11968,17675
12476,17669
12681,17662
13213,17658
13714,17656
14467,17652
14803,17650
15709,19281
16971,19279
17932,19277
19052,19276
21574,19275
22799,19275
23562,19278
24891,23705
26228,23705
26566,23708
27914,24709
28347,24597
29008,25533
29447,25916
30384,26092
30728,26349
31768,26605
31669,26969
32433,27139
32499,27456
33052,27602
32519,27789
33009,27805
33305,27814
33123,27790
32743,27809
33447,27714
33444,27737
32912,27789
32812,27738
32514,27594
32579,27514
32094,27495
31596,27081
31793,26900
31262,26905
31238,26727
31157,26699
31594,26654
31211,26829
31563,26830
31846,27023
32490,27089
32162,27196
31645,27441
31619,27259
31783,27101
31579,27072
31506,27029
32039,26974
31821,27107
32097,27130
32434,27295
32753,27227
32748,27435
33249,27604
33768,27795
32788,28037
33635,27960
33420,28072
33934,28033
33714,28132
34212,28123
33922,28276
33565,28355
33618,28262
33316,28209
33349,28157
33384,28103
32778,28057
33449,27937
32854,28016
32160,27889
31971,27859
31517,27648
30372,27356
30227,26320
29981,26188
29442,25988
29704,25851
29384,25806
29237,25816
29232,25833
29604,25854
28787,25952
28485,25855
28224,25701
27761,25490
27402,25286
26882,24809
26650,24540
26317,24448
25946,24050
25161,24055
25292,24055
24873,24057
23801,24057
23625,24056
23136,24055
22244,19627
21989,19629
21330,19629
20458,19629
20033,19629
19212,16298
18588,16299
17898,16300
20796,16301
17642,16302
16302,16303
15618,16303
15174,16303
14850,16302
14319,16302
13976,13013
13784,13020
13442,13023
12615,13025
12816,13022
12482,13020
12042,13018
12282,13015
12235,13012
11609,13006
11534,13001
11421,12996
10890,12990
11149,12967
11087,12961
10834,12948
11094,12933
11042,12926
10860,12920
11129,12912
11262,12906
11059,12895
11341,12888
11422,12883
11751,12878
12166,12874
12408,12872
12783,12864
13591,12864
14073,12866
14345,12870
15784,12875
16634,16300
17571,16300
19737,16301
20644,16302
21088,16303
22765,16306
23690,16308
24452,25140
25812,25135
26707,25137
27052,27169
27755,28008
28536,27971
28955,28818
29790,29546
30975,30200
30749,30915
31164,31374
31971,31712
31805,32067
32089,32215
32155,32295
32485,32177
33228,32673
32745,33057
31979,32927
32469,32522
32558,32490
31921,32366
32409,32217
32004,32103
31179,32163
31151,31774
31085,31348
30625,31022
30874,30762
31435,30797
31527,31052
31310,31471
30707,31503
31283,31169
31270,31265
31130,31173
31127,31028
31362,31118
31435,31193
31334,31125
31840,31161
32152,31387
31988,31713
32791,31937
32473,31994
32408,32176
32771,32307
32450,32475
32358,32354
33507,32228
32963,32798
33519,32897
33998,33551
33702,33766
33810,33899
33922,34076
33595,34084
33489,33885
33840,33810
33604,33768
33719,33644
33911,33708
33539,33700
33309,33576
34134,33452
33559,33749
33083,33730
33033,33563
32003,33214
31072,32984
30640,31649
30447,31648
29732,31646
29596,29347
28543,28969
28409,28381
28595,28144
28424,27996
28354,27978
28150,28011
28460,27811
28432,27860
28109,27986
27773,27743
27853,27369
28168,27308
28357,27352
27840,27513
28678,27588
29185,27920
31494,28286
42457,30041
41603,34352
39485,40004
36779,41240
33911,38241
31248,33593
29637,31658
28459,32397
26919,28764
26499,28699
25691,26822
24588,25140
24143,25139
23327,25132
22664,16310
22507,16314
22063,16316
20748,16319
20563,16321
19706,16322
20101,16323
19759,16324
19444,16325
17027,16326
16641,16326
15935,16326
15210,16326
14980,16325
14503,16325
13943,12884
13858,12888
13216,12891
12833,12893
13000,12893
12179,12893
12040,12891
12161,12888
11546,12886
11435,12882
11705,12877
11225,12870
11305,12865
11501,12860
11158,12856
11201,12851
11496,12845
11368,12841
11643,12837
12835,12830
12629,12830
12927,12829
13532,12829
14124,12833
14454,12841
15586,12846
15916,16324
16622,16324
17507,16324
18341,16324
19232,16325
20306,16326
21238,16327
22145,16328
23470,16330
24459,16332
25552,25129
26588,25130
27465,26814
27712,28760
28263,28759
28923,28759
28868,28759
30235,28759
29780,28760
29700,28761
29950,28762
28982,28764
29075,28765
28531,28765
28012,28765
27819,28764
27629,28762
27410,28759
27473,26819
27331,28758
27631,26832
27757,28756
27878,28755
27770,28755
27986,28754
28039,27876
27925,27773
28004,27563
27941,27539
27905,27413
28540,27353
28622,27608
28711,28749
28718,28749
29269,28749
29653,28750
29733,28750
30036,28752
30436,28753
30356,31655
30594,29834
31143,31653
30842,31652
30410,31651
30004,31649
30655,29901
30542,31647
30650,31646
30434,31645
30648,31643
30380,31642
29706,31639
29497,30145
29439,29775
29100,29515
28824,29205
28773,28973
28858,28759
28888,28704
28513,28717
27748,28523
28140,28135
28140,28124
27324,28154
27438,26837
26858,26841
26693,26841
26348,26840
25811,25133
25316,25134
24681,25135
24569,25134
24021,25133
24061,25130
23762,25128
23349,25123
22532,16335
21876,16336
21193,16338
