Time,ON AMFs
0,4
10,4
20,4
30,3
40,3
50,3
60,3
70,3
80,3
90,3
100,3
110,3
120,3
130,3
140,3
150,3
160,3
170,3
180,3
190,3
200,3
210,3
220,2
230,2
240,2
250,2
260,2
270,2
280,2
290,2
300,2
310,2
320,2
330,2
340,2
350,2
360,2
370,2
380,2
390,2
400,2
410,2
420,2
430,2
440,2
450,2
460,2
470,3
480,3
490,3
500,3
510,3
520,3
530,3
540,3
550,3
560,4
570,4
580,4
590,4
600,4
610,4
620,4
630,4
640,4
650,4
660,4
670,4
680,4
690,4
700,4
710,4
720,4
730,4
740,4
750,4
760,4
770,4
780,4
790,4
800,4
810,4
820,4
830,4
840,4
850,4
860,4
870,4
880,4
890,4
900,4
910,4
920,4
930,4
940,4
950,4
960,4
970,4
980,4
990,4
1000,4
1010,4
1020,4
1030,4
1040,4
1050,4
1060,4
1070,4
1080,4
1090,4
1100,4
1110,4
1120,4
1130,4
1140,4
1150,4
1160,4
1170,4
1180,4
1190,4
1200,4
1210,4
1220,4
1230,4
1240,4
1250,4
1260,4
1270,4
1280,4
1290,4
1300,4
1310,4
1320,4
1330,4
1340,4
1350,4
1360,4
1370,4
1380,4
1390,3
1400,3
1410,3
1420,3
1430,3
1440,3
1450,3
1460,3
1470,3
1480,3
1490,3
1500,3
1510,3
1520,3
1530,3
1540,3
1550,3
1560,3
1570,3
1580,3
1590,3
1600,3
1610,3
1620,2
1630,2
1640,2
1650,2
1660,2
1670,2
1680,2
1690,2
1700,2
1710,2
1720,2
1730,2
1740,2
1750,2
1760,2
1770,2
1780,2
1790,2
1800,2
1810,2
1820,3
1830,3
1840,3
1850,3
1860,3
1870,3
1880,4
1890,4
1900,4
1910,4
1920,4
1930,4
1940,4
1950,4
1960,4
1970,4
1980,4
1990,4
2000,4
2010,4
2020,4
2030,4
2040,4
2050,4
2060,4
2070,4
2080,4
2090,4
2100,4
2110,4
2120,4
2130,4
2140,4
2150,4
2160,4
2170,4
2180,4
2190,4
2200,4
2210,4
2220,4
2230,4
2240,4
2250,4
2260,4
2270,4
2280,4
2290,4
2300,4
2310,4
2320,4
2330,4
2340,4
2350,4
2360,4
2370,4
2380,4
2390,4
2400,4
2410,4
2420,4
2430,4
2440,4
2450,4
2460,4
2470,4
2480,4
2490,4
2500,4
2510,4
2520,4
2530,4
2540,4
2550,4
2560,4
2570,4
2580,4
2590,4
2600,4
2610,4
2620,4
2630,4
2640,4
2650,4
2660,4
2670,4
2680,4
2690,4
2700,4
2710,4
2720,4
2730,4
2740,4
2750,4
2760,4
2770,4
2780,4
2790,4
2800,4
2810,4
2820,4
2830,4
2840,3
2850,3
2860,3
2870,3
2880,3
2890,3
2900,3
2910,3
2920,3
2930,3
2940,3
2950,3
2960,3
2970,3
2980,3
2990,3
3000,3
3010,3
3020,3
3030,3
3040,3
3050,3
3060,3
3070,3
3080,3
3090,3
3100,3
3110,3
3120,3
3130,2
3140,2
3150,2
3160,2
3170,2
3180,2
3190,2
3200,2
3210,2
3220,2
3230,2
3240,3
3250,3
3260,3
3270,3
3280,3
3290,3
3300,3
3310,3
3320,4
3330,4
3340,4
3350,4
3360,4
3370,4
3380,4
3390,4
3400,4
3410,4
3420,4
3430,4
3440,4
3450,4
3460,4
3470,4
3480,4
3490,4
3500,4
3510,4
3520,4
3530,4
3540,4
3550,4
3560,4
3570,4
3580,4
3590,4
3600,4
3610,4
3620,4
3630,4
3640,4
3650,4
3660,4
3670,4
3680,4
3690,4
3700,4
3710,4
3720,4
3730,4
3740,4
3750,4
3760,4
3770,4
3780,4
3790,4
3800,4
3810,4
3820,4
3830,4
3840,4
3850,4
3860,4
3870,4
3880,4
3890,4
3900,4
3910,4
3920,4
3930,4
3940,4
3950,4
3960,4
3970,4
3980,4
3990,4
4000,4
4010,4
4020,4
4030,4
4040,4
4050,4
4060,4
4070,4
4080,4
4090,4
4100,4
4110,4
4120,4
4130,4
4140,4
4150,4
4160,4
4170,4
4180,4
4190,4
4200,4
4210,4
4220,4
4230,4
4240,4
4250,4
4260,4
4270,3
4280,3
4290,3
4300,3
4310,3
4320,3
4330,3
4340,3
4350,3
4360,3
4370,3
4380,3
4390,3
4400,3
4410,3
4420,3
4430,3
4440,3
4450,3
4460,3
4470,3
4480,3
4490,3
4500,3
4510,3
4520,3
4530,3
4540,3
4550,3
4560,3
4570,3
4580,2
4590,2
4600,2
4610,2
4620,2
4630,2
4640,2
4650,2
4660,2
4670,2
4680,3
4690,3
4700,3
4710,3
4720,3
4730,3
4740,3
4750,3
4760,4
4770,4
4780,4
4790,4
4800,4
4810,4
4820,4
4830,4
4840,4
4850,4
4860,4
4870,4
4880,4
4890,4
4900,4
4910,4
4920,4
4930,4
4940,4
4950,4
4960,4
4970,4
4980,4
4990,4
5000,4
5010,4
5020,4
5030,4
5040,4
5050,4
5060,4
5070,4
5080,4
5090,4
5100,4
5110,4
5120,4
5130,4
5140,4
5150,4
5160,4
5170,4
5180,4
5190,4
5200,4
5210,4
5220,4
5230,4
5240,4
5250,4
5260,4
5270,4
5280,4
5290,4
5300,4
5310,4
5320,4
5330,4
5340,4
5350,4
5360,4
5370,4
5380,4
5390,4
5400,4
5410,4
5420,4
5430,4
5440,4
5450,4
5460,4
5470,4
5480,4
5490,4
5500,4
5510,4
5520,4
5530,4
5540,4
5550,4
5560,4
5570,4
5580,4
5590,4
5600,4
5610,4
5620,4
5630,4
5640,4
5650,4
5660,4
5670,4
5680,4
5690,3
5700,3
5710,3
5720,3
5730,3
5740,3
5750,3
5760,3
5770,3
5780,3
5790,3
5800,3
5810,3
5820,3
5830,3
5840,3
5850,3
5860,3
5870,3
5880,3
5890,3
5900,3
5910,3
5920,3
5930,3
5940,3
5950,3
5960,3
5970,3
5980,3
5990,3
6000,2
6010,2
6020,2
6030,2
6040,2
6050,2
6060,2
6070,2
6080,2
6090,2
6100,2
6110,2
6120,3
6130,3
6140,3
6150,3
6160,3
6170,3
6180,3
6190,3
6200,4
6210,4
6220,4
6230,4
6240,4
6250,4
6260,4
6270,4
6280,4
6290,4
6300,4
6310,4
6320,4
6330,4
6340,4
6350,4
6360,4
6370,4
6380,4
6390,4
6400,4
6410,4
6420,4
6430,4
6440,4
6450,4
6460,4
6470,4
6480,4
6490,4
6500,4
6510,4
6520,4
6530,4
6540,4
6550,4
6560,4
6570,4
6580,4
6590,4
6600,4
6610,4
6620,4
6630,4
6640,4
6650,4
6660,4
6670,4
6680,4
6690,4
6700,4
6710,4
6720,4
6730,4
6740,4
6750,4
6760,4
6770,4
6780,4
6790,4
6800,4
6810,4
6820,4
6830,4
6840,4
6850,4
6860,4
6870,4
6880,4
6890,4
6900,4
6910,4
6920,4
6930,4
6940,4
6950,4
6960,4
6970,4
6980,4
6990,4
7000,4
7010,4
7020,4
7030,4
7040,4
7050,4
7060,4
7070,4
7080,4
7090,4
7100,4
7110,4
7120,4
7130,4
7140,4
7150,4
7160,4
7170,3
7180,3
7190,3
7200,3
7210,3
7220,3
7230,3
7240,3
7250,3
7260,3
7270,3
7280,3
7290,3
7300,3
7310,3
7320,3
7330,3
7340,3
7350,3
7360,3
7370,3
7380,3
7390,3
7400,3
7410,3
7420,3
7430,3
7440,2
7450,2
7460,2
7470,2
7480,2
7490,2
7500,2
7510,2
7520,2
7530,2
7540,2
7550,2
7560,3
7570,3
7580,3
7590,3
7600,3
7610,3
7620,3
7630,3
7640,4
7650,4
7660,4
7670,4
7680,4
7690,4
7700,4
7710,4
7720,4
7730,4
7740,4
7750,4
7760,4
7770,4
7780,4
7790,4
7800,4
7810,4
7820,4
7830,4
7840,4
7850,4
7860,4
7870,4
7880,4
7890,4
7900,4
7910,4
7920,4
7930,4
7940,4
7950,4
7960,4
7970,4
7980,4
7990,4
8000,4
8010,4
8020,4
8030,4
8040,4
8050,4
8060,4
8070,4
8080,4
8090,4
8100,4
8110,4
8120,4
8130,4
8140,4
8150,4
8160,4
8170,4
8180,4
8190,4
8200,4
8210,4
8220,4
8230,4
8240,4
8250,4
8260,4
8270,4
8280,4
8290,4
8300,4
8310,4
8320,4
8330,4
8340,4
8350,4
8360,4
8370,4
8380,4
8390,4
8400,4
8410,4
8420,4
8430,4
8440,4
8450,5
8460,5
8470,4
8480,4
8490,4
8500,4
8510,4
8520,4
8530,4
8540,4
8550,4
8560,4
8570,4
8580,4
8590,4
8600,4
8610,3
8620,3
8630,3
8640,3
8650,3
8660,3
8670,3
8680,3
8690,3
8700,3
8710,3
8720,3
8730,3
8740,3
8750,3
8760,3
8770,3
8780,3
8790,3
8800,3
8810,3
8820,3
8830,3
8840,3
8850,3
8860,3
8870,3
8880,2
8890,3
8900,3
8910,2
8920,2
8930,2
8940,2
8950,2
8960,2
8970,2
8980,2
8990,2
9000,2
9010,2
9020,2
9030,2
9040,2
9050,2
9060,2
9070,3
9080,3
9090,3
9100,3
9110,3
9120,3
9130,3
9140,3
9150,3
9160,4
9170,4
9180,4
9190,4
9200,4
9210,4
9220,4
9230,4
9240,4
9250,4
9260,4
9270,4
9280,4
9290,4
9300,4
9310,4
9320,4
9330,4
9340,4
9350,4
9360,4
9370,4
9380,4
9390,4
9400,4
9410,4
9420,4
9430,4
9440,4
9450,4
9460,4
9470,4
9480,4
9490,4
9500,4
9510,4
9520,4
9530,4
9540,4
9550,4
9560,4
9570,4
9580,4
9590,4
9600,4
9610,4
9620,4
9630,4
9640,4
9650,4
9660,4
9670,4
9680,4
9690,4
9700,4
9710,4
9720,4
9730,4
9740,4
9750,4
9760,4
9770,4
9780,4
9790,4
9800,4
9810,4
9820,4
9830,4
9840,4
9850,4
9860,4
9870,4
9880,4
9890,4
9900,4
9910,4
9920,4
9930,4
9940,4
9950,4
9960,4
9970,4
9980,4
9990,4
10000,4
10010,4
10020,4
10030,4
10040,4
10050,4
10060,4
10070,4
10080,3
10090,3
10100,3
10110,3
10120,3
10130,3
10140,3
10150,3
10160,3
10170,3
10180,3
10190,3
10200,3
10210,3
10220,3
10230,3
10240,3
10250,3
10260,3
10270,3
10280,3
10290,2
10300,2
10310,2
10320,2
10330,2
10340,2
10350,2
10360,2
10370,2
10380,2
10390,2
10400,2
10410,2
10420,2
10430,2
10440,2
10450,2
10460,2
10470,2
10480,2
10490,2
10500,2
10510,2
10520,2
10530,2
10540,2
10550,2
10560,3
10570,3
10580,3
10590,3
10600,3
10610,3
10620,3
10630,3
10640,3
10650,4
10660,4
10670,4
10680,4
10690,4
10700,4
10710,4
10720,4
10730,4
10740,4
10750,4
10760,4
10770,4
10780,4
10790,4
10800,4
10810,4
10820,4
10830,4
10840,4
10850,4
10860,4
10870,4
10880,4
10890,4
10900,4
10910,4
10920,4
10930,4
10940,4
10950,4
10960,4
10970,4
10980,4
10990,4
11000,4
11010,4
11020,4
11030,4
11040,4
11050,4
11060,4
11070,4
11080,4
11090,4
11100,4
11110,4
11120,4
11130,4
11140,4
11150,4
11160,4
11170,4
11180,4
11190,4
11200,4
11210,4
11220,4
11230,4
11240,4
11250,4
11260,4
11270,4
11280,4
11290,4
11300,4
11310,4
11320,4
11330,4
11340,4
11350,4
11360,4
11370,4
11380,4
11390,4
11400,4
11410,4
11420,4
11430,4
11440,4
11450,4
11460,4
11470,3
11480,3
11490,3
11500,3
11510,3
11520,3
11530,3
11540,3
11550,3
11560,3
11570,3
11580,3
11590,3
11600,3
11610,3
11620,3
11630,3
11640,3
11650,3
11660,3
11670,3
11680,3
11690,3
11700,2
11710,2
11720,2
11730,2
11740,2
11750,2
11760,2
11770,2
11780,2
11790,2
11800,2
11810,2
11820,2
11830,2
11840,2
11850,2
11860,2
11870,2
11880,2
11890,2
11900,3
11910,3
11920,3
11930,3
11940,3
11950,3
11960,4
11970,4
11980,4
11990,4
12000,4
12010,4
12020,4
12030,4
12040,4
12050,4
12060,4
12070,4
12080,4
12090,4
12100,4
12110,4
12120,4
12130,4
12140,4
12150,4
12160,4
12170,4
12180,4
12190,4
12200,4
12210,4
12220,4
12230,4
12240,4
12250,4
12260,4
12270,4
12280,4
12290,4
12300,4
12310,4
12320,4
12330,4
12340,4
12350,4
12360,4
12370,4
12380,4
12390,4
12400,4
12410,4
12420,4
12430,4
12440,4
12450,4
12460,4
12470,4
12480,4
12490,4
12500,4
12510,4
12520,4
12530,4
12540,4
12550,4
12560,4
12570,4
12580,4
12590,4
12600,4
12610,4
12620,4
12630,4
12640,4
12650,4
12660,4
12670,4
12680,4
12690,4
12700,4
12710,4
12720,4
12730,4
12740,4
12750,4
12760,4
12770,4
12780,4
12790,4
12800,4
12810,4
12820,4
12830,4
12840,4
12850,4
12860,4
12870,4
12880,4
12890,4
12900,4
12910,4
12920,4
12930,4
12940,3
12950,3
12960,3
12970,3
12980,3
12990,3
13000,3
13010,3
13020,3
13030,3
13040,3
13050,3
13060,3
13070,3
13080,3
13090,3
13100,3
13110,3
13120,3
13130,3
13140,3
13150,3
13160,3
13170,3
13180,3
13190,3
13200,3
13210,3
13220,2
13230,3
13240,3
13250,2
13260,2
13270,3
13280,3
13290,2
13300,3
13310,3
13320,3
13330,3
13340,3
13350,3
13360,3
13370,3
13380,3
13390,4
13400,4
13410,4
13420,4
13430,4
13440,4
13450,4
13460,4
13470,4
13480,4
13490,4
13500,4
13510,4
13520,4
13530,4
13540,4
13550,4
13560,4
13570,4
13580,4
13590,4
13600,4
13610,4
13620,4
13630,4
13640,4
13650,4
13660,4
13670,4
13680,4
13690,4
13700,4
13710,4
13720,4
13730,4
13740,4
13750,4
13760,4
13770,4
13780,4
13790,4
13800,4
13810,4
13820,4
13830,4
13840,4
13850,4
13860,4
13870,4
13880,4
13890,4
13900,4
13910,4
13920,4
13930,4
13940,4
13950,4
13960,4
13970,4
13980,4
13990,4
14000,4
14010,4
14020,4
14030,4
14040,4
14050,4
14060,4
14070,4
14080,4
14090,4
14100,4
14110,4
14120,4
14130,4
14140,4
14150,4
14160,4
14170,4
14180,4
14190,4
14200,4
14210,4
14220,4
14230,4
14240,4
14250,4
14260,4
14270,4
14280,4
14290,4
14300,4
14310,4
14320,4
14330,4
14340,4
14350,4
14360,3
14370,3
14380,3
14390,3
14400,3
14410,3
14420,3
14430,3
14440,3
14450,3
14460,3
14470,3
14480,3
14490,3
14500,3
14510,3
14520,3
14530,3
14540,3
14550,3
14560,3
14570,3
14580,3
14590,3
14600,3
14610,3
14620,3
14630,3
14640,2
14650,3
14660,3
14670,2
14680,2
14690,2
14700,2
14710,2
14720,2
14730,2
14740,3
14750,3
14760,3
14770,3
14780,3
14790,3
14800,3
14810,3
14820,3
14830,3
14840,4
14850,4
14860,4
14870,4
14880,4
14890,4
14900,4
14910,4
14920,4
14930,4
14940,4
14950,4
14960,4
14970,4
14980,4
14990,4
15000,4
15010,4
15020,4
15030,4
15040,4
15050,4
15060,4
15070,4
15080,4
15090,4
15100,4
15110,4
15120,4
15130,4
15140,4
15150,4
15160,4
15170,4
15180,4
15190,4
15200,4
15210,4
15220,4
15230,4
15240,4
15250,4
15260,4
15270,4
15280,4
15290,4
15300,4
15310,4
15320,4
15330,4
15340,4
15350,4
15360,4
15370,4
15380,4
15390,4
15400,4
15410,4
15420,4
15430,4
15440,4
15450,4
15460,4
15470,4
15480,4
15490,4
15500,4
15510,4
15520,4
15530,4
15540,4
15550,4
15560,4
15570,4
15580,4
15590,4
15600,4
15610,4
15620,4
15630,4
15640,4
15650,4
15660,4
15670,4
15680,4
15690,4
15700,4
15710,4
15720,4
15730,4
15740,4
15750,4
15760,4
15770,4
15780,4
15790,4
15800,4
15810,3
15820,3
15830,3
15840,3
15850,3
15860,3
15870,3
15880,3
15890,3
15900,3
15910,3
15920,3
15930,3
15940,3
15950,3
15960,3
15970,3
15980,3
15990,3
16000,3
16010,3
16020,3
16030,3
16040,3
16050,3
16060,3
16070,3
16080,3
16090,3
16100,2
16110,2
16120,2
16130,2
16140,2
16150,2
16160,2
16170,2
16180,3
16190,3
16200,3
16210,3
16220,3
16230,3
16240,3
16250,3
16260,3
16270,3
16280,4
16290,4
16300,4
16310,4
16320,4
16330,4
16340,4
16350,4
16360,4
16370,4
16380,4
16390,4
16400,4
16410,4
16420,4
16430,4
16440,4
16450,4
16460,4
16470,4
16480,4
16490,4
16500,4
16510,4
16520,4
16530,4
16540,4
16550,4
16560,4
16570,4
16580,4
16590,4
16600,4
16610,4
16620,4
16630,4
16640,4
16650,4
16660,4
16670,4
16680,4
16690,4
16700,4
16710,4
16720,4
16730,4
16740,4
16750,4
16760,4
16770,4
16780,4
16790,4
16800,4
16810,4
16820,4
16830,4
16840,4
16850,4
16860,4
16870,4
16880,4
16890,4
16900,4
16910,4
16920,4
16930,4
16940,4
16950,4
16960,4
16970,4
16980,4
16990,4
17000,4
17010,4
17020,4
17030,4
17040,4
17050,4
17060,4
17070,4
17080,4
17090,4
17100,4
17110,4
17120,4
17130,4
17140,4
17150,4
17160,4
17170,4
17180,4
17190,4
17200,4
17210,4
17220,4
17230,4
17240,4
17250,3
17260,3
17270,3
17280,3
17290,3
17300,3
17310,3
17320,3
17330,3
17340,3
17350,3
17360,3
17370,3
17380,3
17390,3
17400,3
17410,3
17420,3
17430,3
17440,3
17450,3
17460,3
17470,3
17480,3
17490,3
17500,3
17510,3
17520,3
17530,3
17540,2
17550,2
17560,2
17570,2
17580,2
17590,2
17600,2
17610,2
17620,3
17630,3
17640,3
17650,3
17660,3
17670,3
17680,3
17690,3
17700,3
17710,3
17720,4
17730,4
17740,4
17750,4
17760,4
17770,4
17780,4
17790,4
17800,4
17810,4
17820,4
17830,4
17840,4
17850,4
17860,4
17870,4
17880,4
17890,4
17900,4
17910,4
17920,4
17930,4
17940,4
17950,4
17960,4
17970,4
17980,4
17990,4
18000,4
18010,4
18020,4
18030,4
18040,4
18050,4
18060,4
18070,4
18080,4
18090,4
18100,4
18110,4
18120,4
18130,4
18140,4
18150,4
18160,4
18170,4
18180,4
18190,4
18200,4
18210,4
18220,4
18230,4
18240,4
18250,4
18260,4
18270,4
18280,4
18290,4
18300,4
18310,4
18320,4
18330,4
18340,4
18350,4
18360,4
18370,4
18380,4
18390,4
18400,4
18410,4
18420,4
18430,4
18440,4
18450,4
18460,4
18470,4
18480,4
18490,4
18500,4
18510,4
18520,4
18530,4
18540,4
18550,4
18560,4
18570,4
18580,4
18590,4
18600,4
18610,4
18620,4
18630,4
18640,4
18650,4
18660,4
18670,3
18680,3
18690,3
18700,3
18710,3
18720,3
18730,3
18740,3
18750,3
18760,3
18770,3
18780,3
18790,3
18800,3
18810,3
18820,3
18830,3
18840,3
18850,3
18860,3
18870,3
18880,3
18890,3
18900,3
18910,3
18920,3
18930,3
18940,3
18950,2
18960,2
18970,2
18980,2
18990,2
19000,2
19010,2
19020,2
19030,2
19040,2
19050,2
19060,2
19070,2
19080,2
19090,2
19100,2
19110,2
19120,2
19130,3
19140,3
19150,3
19160,3
19170,3
19180,3
19190,3
19200,3
19210,3
19220,3
19230,4
19240,4
19250,4
19260,4
19270,4
19280,4
19290,4
19300,4
19310,4
19320,4
19330,4
19340,4
19350,4
19360,4
19370,4
19380,4
19390,4
19400,4
19410,4
19420,4
19430,4
19440,4
19450,4
19460,4
19470,4
19480,4
19490,4
19500,4
19510,4
19520,4
19530,4
19540,4
19550,4
19560,4
19570,4
19580,4
19590,4
19600,4
19610,4
19620,4
19630,4
19640,4
19650,4
19660,4
19670,4
19680,4
19690,4
19700,4
19710,4
19720,4
19730,4
19740,4
19750,4
19760,4
19770,4
19780,4
19790,4
19800,4
19810,4
19820,4
19830,4
19840,4
19850,4
19860,4
19870,4
19880,4
19890,4
19900,4
19910,4
19920,4
19930,4
19940,4
19950,4
19960,4
19970,4
19980,4
19990,4
20000,4
20010,4
20020,4
20030,4
20040,4
20050,4
20060,4
20070,3
20080,4
20090,4
20100,3
20110,3
20120,3
20130,3
20140,3
20150,3
20160,3
20170,3
20180,3
20190,3
20200,3
20210,3
20220,3
20230,3
20240,3
20250,3
20260,3
20270,3
20280,3
20290,3
20300,3
20310,3
20320,3
20330,3
20340,3
20350,3
20360,3
20370,3
20380,3
20390,3
20400,2
20410,2
20420,2
20430,2
20440,2
20450,2
20460,2
20470,2
20480,2
20490,2
20500,2
20510,2
20520,2
20530,2
20540,2
20550,2
20560,2
20570,2
20580,2
20590,2
20600,2
20610,2
20620,2
20630,3
20640,3
20650,3
20660,3
20670,3
20680,3
20690,3
20700,3
20710,3
20720,4
20730,4
20740,4
20750,4
20760,4
20770,4
20780,4
20790,4
20800,4
20810,4
20820,4
20830,4
20840,4
20850,4
20860,4
20870,4
20880,4
20890,4
20900,4
20910,4
20920,4
20930,4
20940,4
20950,4
20960,4
20970,4
20980,4
20990,4
21000,4
21010,4
21020,4
21030,4
21040,4
21050,4
21060,4
21070,4
21080,4
21090,4
21100,4
21110,4
21120,4
21130,4
21140,4
21150,4
21160,4
21170,4
21180,4
21190,4
21200,4
21210,4
21220,4
21230,4
21240,4
21250,4
21260,4
21270,4
21280,4
21290,4
21300,4
21310,4
21320,4
21330,4
21340,4
21350,4
21360,4
21370,4
21380,4
21390,4
21400,4
21410,4
21420,4
21430,4
21440,4
21450,4
21460,4
21470,4
21480,4
21490,4
21500,4
21510,4
21520,4
21530,4
21540,4
21550,3
21560,3
21570,3
21580,3
21590,3
21600,3
21610,3
21620,3
21630,3
21640,3
21650,3
21660,3
21670,3
21680,3
21690,3
21700,3
21710,3
21720,3
21730,3
21740,3
21750,3
21760,2
21770,2
21780,2
21790,2
21800,2
21810,2
21820,2
21830,2
21840,2
21850,2
21860,2
21870,2
21880,2
21890,2
21900,2
21910,2
21920,2
21930,2
21940,2
21950,2
21960,2
21970,2
21980,2
21990,3
22000,3
22010,3
22020,3
22030,3
22040,3
22050,4
22060,4
22070,4
22080,4
22090,4
22100,4
22110,4
22120,4
22130,4
22140,4
22150,4
22160,4
22170,4
22180,4
22190,4
22200,4
22210,4
22220,4
22230,4
22240,4
22250,4
22260,4
22270,4
22280,4
22290,4
22300,4
22310,4
22320,4
22330,4
22340,4
22350,4
22360,4
22370,4
22380,4
22390,4
22400,4
22410,4
22420,4
22430,4
22440,4
22450,4
22460,4
22470,4
22480,4
22490,4
22500,4
22510,4
22520,4
22530,4
22540,4
22550,4
22560,4
22570,4
22580,4
22590,4
22600,4
22610,4
22620,4
22630,4
22640,4
22650,4
22660,4
22670,4
22680,4
22690,4
22700,4
22710,4
22720,4
22730,4
22740,4
22750,4
22760,4
22770,4
22780,4
22790,4
22800,4
22810,4
22820,4
22830,4
22840,4
22850,4
22860,4
22870,4
22880,4
22890,4
22900,4
22910,4
22920,4
22930,4
22940,4
22950,4
22960,4
22970,4
22980,3
22990,3
23000,3
23010,3
23020,3
23030,3
23040,3
23050,1
23060,1
23070,1
23080,1
23090,1
23100,1
23110,1
23120,1
23130,1
23140,1
23150,1
23160,1
23170,1
23180,1
23190,1
23200,1
23210,1
23220,1
23230,1
23240,1
23250,1
23260,1
23270,1
23280,1
23290,1
23300,1
23310,1
23320,1
23330,1
23340,1
23350,1
23360,1
23370,1
23380,1
23390,1
23400,1
23410,1
23420,1
23430,1
23440,1
23450,1
23460,1
23470,1
23480,1
23490,1
23500,1
23510,1
23520,1
23530,1
23540,1
23550,1
23560,1
23570,1
23580,1
23590,1
23600,1
23610,1
23620,1
23630,1
23640,1
23650,1
23660,1
23670,1
23680,1
23690,1
23700,1
23710,1
23720,1
23730,1
23740,1
23750,1
23760,1
23770,1
23780,1
23790,1
23800,1
23810,1
23820,1
23830,1
23840,1
23850,1
23860,1
23870,1
23880,1
23890,1
23900,1
23910,1
23920,1
23930,1
23940,1
23950,1
23960,1
23970,1
23980,1
23990,1
24000,1
24010,1
24020,1
24030,1
24040,1
24050,1
24060,1
24070,1
24080,1
24090,1
24100,1
24110,1
24120,1
24130,1
24140,1
24150,1
24160,1
24170,1
24180,1
24190,1
24200,1
24210,1
24220,1
24230,1
24240,1
24250,1
24260,1
24270,1
24280,1
24290,1
24300,1
24310,1
24320,1
24330,1
24340,1
24350,1
24360,1
24370,1
24380,1
24390,1
24400,1
24410,1
24420,1
24430,1
24440,1
24450,1
24460,1
24470,1
24480,3
24490,3
24500,3
24510,3
24520,3
24530,3
24540,3
24550,3
24560,3
24570,3
24580,3
24590,3
24600,3
24610,3
24620,3
24630,3
24640,3
24650,3
24660,3
24670,2
24680,2
24690,2
24700,2
24710,2
24720,2
24730,2
24740,2
24750,2
24760,2
24770,2
24780,2
24790,2
24800,2
24810,2
24820,2
24830,2
24840,2
24850,3
24860,3
24870,3
24880,3
24890,3
24900,3
24910,3
24920,3
24930,4
24940,4
24950,4
24960,4
24970,4
24980,4
24990,4
25000,4
25010,4
25020,4
25030,4
25040,4
25050,4
25060,4
25070,4
25080,4
25090,4
25100,4
25110,4
25120,4
25130,4
25140,4
25150,4
25160,4
25170,4
25180,4
25190,4
25200,4
25210,4
25220,4
25230,4
25240,4
25250,4
25260,4
25270,4
25280,4
25290,4
25300,4
25310,4
25320,4
25330,4
25340,4
25350,4
25360,4
25370,4
25380,4
25390,4
25400,4
25410,4
25420,4
25430,4
25440,4
25450,4
25460,4
25470,4
25480,4
25490,4
25500,4
25510,4
25520,4
25530,4
25540,4
25550,4
25560,4
25570,4
25580,4
25590,4
25600,4
25610,4
25620,4
25630,4
25640,4
25650,4
25660,4
25670,4
25680,4
25690,4
25700,4
25710,4
25720,4
25730,4
25740,4
25750,4
25760,4
25770,4
25780,4
25790,4
25800,4
25810,4
25820,4
25830,4
25840,4
25850,4
25860,3
25870,3
25880,3
25890,3
25900,3
25910,3
25920,3
25930,3
25940,3
25950,3
25960,3
25970,3
25980,3
25990,3
26000,3
26010,3
26020,3
26030,3
26040,3
26050,3
26060,3
26070,3
26080,3
26090,3
26100,3
26110,3
26120,2
26130,3
26140,3
26150,2
26160,2
26170,2
26180,2
26190,2
26200,2
26210,2
26220,2
26230,2
26240,2
26250,2
26260,2
26270,2
26280,3
26290,3
26300,3
26310,3
26320,3
26330,3
26340,3
26350,3
26360,4
26370,4
26380,4
26390,4
26400,4
26410,4
26420,4
26430,4
26440,4
26450,4
26460,4
26470,4
26480,4
26490,4
26500,4
26510,4
26520,4
26530,4
26540,4
26550,4
26560,4
26570,4
26580,4
26590,4
26600,4
26610,4
26620,4
26630,4
26640,4
26650,4
26660,4
26670,4
26680,4
26690,4
26700,4
26710,4
26720,4
26730,4
26740,4
26750,4
26760,4
26770,4
26780,4
26790,4
26800,4
26810,4
26820,4
26830,4
26840,4
26850,4
26860,4
26870,4
26880,4
26890,4
26900,4
26910,4
26920,4
26930,4
26940,4
26950,4
26960,4
26970,4
26980,4
26990,4
27000,4
27010,4
27020,5
27030,5
27040,5
27050,4
27060,5
27070,5
27080,4
27090,4
27100,4
27110,4
27120,4
27130,4
27140,4
27150,4
27160,4
27170,4
27180,4
27190,4
27200,4
27210,4
27220,4
27230,4
27240,4
27250,4
27260,4
27270,4
27280,4
27290,4
27300,3
27310,3
27320,3
27330,3
27340,3
27350,3
27360,3
27370,3
27380,3
27390,3
27400,3
27410,3
27420,3
27430,3
27440,3
27450,3
27460,3
27470,3
27480,3
27490,3
27500,3
27510,3
27520,3
27530,3
27540,3
27550,3
27560,2
27570,2
27580,2
27590,2
27600,2
27610,2
27620,2
27630,2
27640,2
27650,2
27660,2
27670,2
27680,2
27690,2
27700,2
27710,2
27720,2
27730,3
27740,3
27750,3
27760,3
27770,3
27780,3
27790,3
27800,4
27810,4
27820,4
27830,4
27840,4
27850,4
27860,4
27870,4
27880,4
27890,4
27900,4
27910,4
27920,4
27930,4
27940,4
27950,4
27960,4
27970,4
27980,4
27990,4
28000,4
28010,4
28020,4
28030,4
28040,4
28050,4
28060,4
28070,4
28080,4
28090,4
28100,4
28110,4
28120,4
28130,4
28140,4
28150,4
28160,4
28170,4
28180,4
28190,4
28200,4
28210,4
28220,4
28230,4
28240,4
28250,4
28260,4
28270,4
28280,4
28290,4
28300,4
28310,4
28320,4
28330,4
28340,4
28350,4
28360,4
28370,4
28380,4
28390,4
28400,4
28410,5
28420,5
28430,5
28440,5
28450,5
28460,5
28470,5
28480,5
28490,4
28500,4
28510,4
28520,4
28530,4
28540,4
28550,4
28560,4
28570,4
28580,4
28590,4
28600,4
28610,4
28620,4
28630,4
28640,4
28650,4
28660,4
28670,4
28680,4
28690,4
28700,4
28710,4
28720,4
28730,4
28740,4
28750,4
28760,3
28770,3
28780,3
28790,3
28800,3
28810,3
28820,3
28830,3
28840,3
28850,3
28860,3
28870,3
28880,3
28890,3
28900,3
28910,3
28920,3
28930,3
28940,3
28950,3
28960,3
28970,3
28980,3
28990,3
29000,3
29010,3
29020,2
29030,2
29040,2
29050,2
29060,2
29070,2
29080,2
29090,2
29100,2
29110,2
29120,2
29130,2
29140,2
29150,2
29160,2
29170,2
29180,2
29190,2
29200,2
29210,2
29220,3
29230,3
29240,3
29250,3
29260,3
29270,3
29280,3
29290,3
29300,3
29310,3
29320,4
29330,4
29340,4
29350,4
29360,4
29370,4
29380,4
29390,4
29400,4
29410,4
29420,4
29430,4
29440,4
29450,4
29460,4
29470,4
29480,4
29490,4
29500,4
29510,4
29520,4
29530,4
29540,4
29550,4
29560,4
29570,4
29580,4
29590,4
29600,4
29610,4
29620,4
29630,4
29640,4
29650,4
29660,4
29670,4
29680,4
29690,4
29700,4
29710,4
29720,4
29730,4
29740,4
29750,4
29760,4
29770,4
29780,4
29790,4
29800,4
29810,4
29820,4
29830,4
29840,4
29850,4
29860,4
29870,4
29880,4
29890,4
29900,4
29910,4
29920,4
29930,4
29940,4
29950,4
29960,4
29970,4
29980,4
29990,4
30000,4
30010,4
30020,4
30030,4
30040,4
30050,4
30060,4
30070,4
30080,4
30090,4
30100,4
30110,4
30120,4
30130,4
30140,4
30150,4
30160,4
30170,4
30180,3
30190,3
30200,3
30210,3
30220,3
30230,3
30240,3
30250,3
30260,3
30270,3
30280,3
30290,3
30300,3
30310,3
30320,3
30330,3
30340,3
30350,3
30360,3
30370,3
30380,3
30390,3
30400,3
30410,3
30420,3
30430,3
30440,2
30450,2
30460,2
30470,2
30480,2
30490,2
30500,2
30510,2
30520,2
30530,2
30540,2
30550,2
30560,2
30570,2
30580,2
30590,2
30600,2
30610,2
30620,2
30630,2
30640,2
30650,2
30660,2
30670,2
30680,2
30690,2
30700,2
30710,2
30720,3
30730,3
30740,3
30750,3
30760,3
30770,3
30780,3
30790,3
30800,3
30810,3
30820,4
30830,4
30840,4
30850,4
30860,4
30870,4
30880,4
30890,4
30900,4
30910,4
30920,4
30930,4
30940,4
30950,4
30960,4
30970,4
30980,4
30990,4
31000,4
31010,4
31020,4
31030,4
31040,4
31050,4
31060,4
31070,4
31080,4
31090,4
31100,4
31110,4
31120,4
31130,4
31140,4
31150,4
31160,4
31170,4
31180,4
31190,4
31200,4
31210,4
31220,4
31230,4
31240,4
31250,4
31260,4
31270,4
31280,4
31290,4
31300,4
31310,4
31320,4
31330,4
31340,4
31350,4
31360,4
31370,4
31380,4
31390,4
31400,4
31410,4
31420,4
31430,4
31440,4
31450,4
31460,4
31470,4
31480,4
31490,4
31500,4
31510,4
31520,4
31530,4
31540,4
31550,4
31560,4
31570,4
31580,4
31590,4
31600,4
31610,4
31620,4
31630,4
31640,4
31650,3
31660,3
31670,3
31680,3
31690,1
31700,1
31710,1
31720,1
31730,1
31740,1
31750,1
31760,1
31770,1
31780,1
31790,1
31800,1
31810,1
31820,1
31830,1
31840,1
31850,1
31860,1
31870,1
31880,1
31890,1
31900,1
31910,1
31920,1
31930,1
31940,1
31950,1
31960,1
31970,1
31980,1
31990,1
32000,1
32010,1
32020,1
32030,1
32040,1
32050,1
32060,1
32070,1
32080,1
32090,1
32100,1
32110,1
32120,1
32130,1
32140,1
32150,1
32160,1
32170,1
32180,1
32190,1
32200,1
32210,1
32220,1
32230,1
32240,1
32250,1
32260,1
32270,1
32280,1
32290,1
32300,1
32310,1
32320,1
32330,1
32340,1
32350,1
32360,1
32370,1
32380,1
32390,1
32400,1
32410,1
32420,1
32430,1
32440,1
32450,1
32460,1
32470,1
32480,1
32490,1
32500,1
32510,1
32520,1
32530,1
32540,1
32550,1
32560,1
32570,1
32580,1
32590,1
32600,1
32610,1
32620,1
32630,1
32640,1
32650,1
32660,1
32670,1
32680,1
32690,1
32700,1
32710,1
32720,1
32730,1
32740,1
32750,1
32760,1
32770,1
32780,1
32790,1
32800,1
32810,1
32820,1
32830,1
32840,1
32850,1
32860,1
32870,1
32880,1
32890,1
32900,1
32910,1
32920,1
32930,1
32940,1
32950,1
32960,1
32970,1
32980,1
32990,1
33000,1
33010,1
33020,1
33030,1
33040,1
33050,1
33060,1
33070,1
33080,1
33090,1
33100,1
33110,1
33120,3
33130,3
33140,3
33150,3
33160,3
33170,3
33180,3
33190,3
33200,3
33210,3
33220,3
33230,3
33240,2
33250,2
33260,2
33270,2
33280,2
33290,2
33300,2
33310,2
33320,2
33330,2
33340,2
33350,2
33360,2
33370,2
33380,2
33390,2
33400,2
33410,2
33420,2
33430,2
33440,2
33450,2
33460,2
33470,2
33480,2
33490,2
33500,2
33510,2
33520,2
33530,2
33540,2
33550,2
33560,3
33570,3
33580,3
33590,3
33600,3
33610,3
33620,3
33630,3
33640,4
33650,4
33660,4
33670,4
33680,4
33690,4
33700,4
33710,4
33720,4
33730,4
33740,4
33750,4
33760,4
33770,4
33780,4
33790,4
33800,4
33810,4
33820,4
33830,4
33840,4
33850,4
33860,4
33870,4
33880,4
33890,4
33900,4
33910,4
33920,4
33930,4
33940,4
33950,4
33960,4
33970,4
33980,4
33990,4
34000,4
34010,4
34020,4
34030,4
34040,4
34050,4
34060,4
34070,4
34080,4
34090,4
34100,4
34110,4
34120,4
34130,4
34140,4
34150,4
34160,4
34170,4
34180,4
34190,4
34200,4
34210,4
34220,4
34230,4
34240,4
34250,4
34260,4
34270,4
34280,4
34290,4
34300,4
34310,4
34320,4
34330,4
34340,4
34350,4
34360,4
34370,4
34380,4
34390,4
34400,4
34410,4
34420,4
34430,4
34440,4
34450,4
34460,4
34470,4
34480,4
34490,4
34500,4
34510,4
34520,4
34530,4
34540,4
34550,4
34560,4
34570,4
34580,4
34590,4
34600,4
34610,3
34620,3
34630,3
34640,3
34650,3
34660,3
34670,3
34680,3
34690,3
34700,3
34710,3
34720,3
34730,2
34740,2
34750,2
34760,2
34770,2
34780,2
34790,2
34800,2
34810,2
34820,2
34830,2
34840,2
34850,2
34860,2
34870,2
34880,2
34890,2
34900,2
34910,2
34920,2
34930,2
34940,2
34950,2
34960,2
34970,2
34980,2
34990,2
35000,2
35010,2
35020,2
35030,2
35040,2
35050,2
35060,2
35070,3
35080,3
35090,3
35100,3
35110,3
35120,3
35130,4
35140,4
35150,4
35160,4
35170,4
35180,4
35190,4
35200,4
35210,5
35220,5
35230,5
35240,5
35250,5
35260,5
35270,5
35280,5
35290,5
35300,5
35310,5
35320,5
35330,5
35340,4
35350,4
35360,4
35370,4
35380,4
35390,4
35400,4
35410,4
35420,4
35430,4
35440,4
35450,4
35460,4
35470,4
35480,4
35490,4
35500,4
35510,4
35520,4
35530,4
35540,4
35550,4
35560,4
35570,4
35580,4
35590,4
35600,4
35610,4
35620,4
35630,4
35640,4
35650,4
35660,4
35670,4
35680,4
35690,4
35700,4
35710,4
35720,4
35730,4
35740,4
35750,4
35760,4
35770,4
35780,4
35790,4
35800,4
35810,4
35820,4
35830,4
35840,4
35850,4
35860,4
35870,4
35880,4
35890,4
35900,4
35910,4
35920,4
35930,4
35940,4
35950,4
35960,3
35970,3
35980,3
35990,3
36000,3
36010,3
36020,3
36030,3
36040,3
36050,3
36060,3
36070,3
36080,3
36090,3
36100,2
36110,2
36120,2
36130,2
36140,2
36150,2
36160,2
36170,2
36180,2
36190,2
36200,2
36210,2
36220,2
36230,2
36240,2
36250,2
36260,2
36270,2
36280,2
36290,2
36300,2
36310,2
36320,2
36330,2
36340,2
36350,2
36360,2
36370,2
36380,2
36390,2
36400,2
36410,2
36420,2
36430,2
36440,2
36450,2
36460,2
36470,2
36480,2
36490,2
36500,2
36510,2
36520,2
36530,2
36540,3
36550,3
36560,3
36570,3
36580,3
36590,3
36600,3
36610,3
36620,3
36630,4
36640,4
36650,4
36660,4
36670,4
36680,4
36690,4
36700,4
36710,4
36720,4
36730,4
36740,4
36750,4
36760,4
36770,4
36780,4
36790,4
36800,4
36810,4
36820,4
36830,4
36840,4
36850,4
36860,4
36870,4
36880,4
36890,4
36900,4
36910,4
36920,4
36930,4
36940,4
36950,4
36960,4
36970,4
36980,4
36990,4
37000,4
37010,4
37020,4
37030,4
37040,4
37050,4
37060,4
37070,4
37080,4
37090,4
37100,4
37110,4
37120,4
37130,4
37140,4
37150,4
37160,4
37170,4
37180,4
37190,4
37200,4
37210,4
37220,4
37230,4
37240,4
37250,4
37260,4
37270,4
37280,4
37290,4
37300,4
37310,4
37320,4
37330,3
37340,3
37350,3
37360,3
37370,3
37380,3
37390,3
37400,3
37410,3
37420,3
37430,3
37440,3
37450,3
37460,3
37470,3
37480,3
37490,3
37500,3
37510,3
37520,3
37530,2
37540,2
37550,2
37560,2
37570,2
37580,2
37590,2
37600,2
37610,2
37620,2
37630,2
37640,2
37650,2
37660,2
37670,2
37680,2
37690,2
37700,2
37710,2
37720,2
37730,2
37740,2
37750,2
37760,2
37770,2
37780,2
37790,2
37800,2
37810,2
37820,2
37830,2
37840,2
37850,2
37860,2
37870,2
37880,2
37890,2
37900,2
37910,2
37920,3
37930,3
37940,3
37950,3
37960,3
37970,3
37980,3
37990,3
38000,4
38010,4
38020,4
38030,4
38040,4
38050,4
38060,4
38070,4
38080,4
38090,4
38100,4
38110,4
38120,4
38130,4
38140,4
38150,4
38160,4
38170,4
38180,4
38190,4
38200,4
38210,4
38220,4
38230,4
38240,4
38250,4
38260,4
38270,4
38280,4
38290,4
38300,4
38310,4
38320,4
38330,4
38340,4
38350,4
38360,4
38370,4
38380,4
38390,4
38400,4
38410,4
38420,4
38430,4
38440,4
38450,4
38460,4
38470,4
38480,4
38490,4
38500,4
38510,4
38520,4
38530,4
38540,4
38550,4
38560,4
38570,4
38580,4
38590,4
38600,4
38610,4
38620,4
38630,4
38640,4
38650,4
38660,4
38670,4
38680,4
38690,4
38700,4
38710,4
38720,4
38730,4
38740,4
38750,4
38760,3
38770,3
38780,3
38790,3
38800,3
38810,3
38820,3
38830,3
38840,3
38850,3
38860,3
38870,3
38880,3
38890,3
38900,3
38910,3
38920,3
38930,3
38940,3
38950,3
38960,3
38970,2
38980,2
38990,2
39000,2
39010,2
39020,2
39030,2
39040,2
39050,2
39060,2
39070,2
39080,2
39090,2
39100,2
39110,2
39120,2
39130,2
39140,2
39150,2
39160,2
39170,2
39180,2
39190,2
39200,2
39210,2
39220,2
39230,2
39240,2
39250,2
39260,2
39270,2
39280,2
39290,2
39300,2
39310,2
39320,2
39330,2
39340,2
39350,2
39360,2
39370,2
39380,2
39390,3
39400,3
39410,3
39420,3
39430,3
39440,3
39450,3
39460,3
39470,3
39480,3
39490,4
39500,4
39510,4
39520,4
39530,4
39540,4
39550,4
39560,4
39570,4
39580,4
39590,4
39600,4
39610,4
39620,4
39630,4
39640,4
39650,4
39660,4
39670,4
39680,4
39690,4
39700,4
39710,4
39720,4
39730,4
39740,4
39750,4
39760,4
39770,4
39780,4
39790,4
39800,4
39810,4
39820,4
39830,4
39840,4
39850,4
39860,4
39870,4
39880,4
39890,4
39900,4
39910,4
39920,4
39930,4
39940,4
39950,4
39960,4
39970,4
39980,4
39990,4
40000,4
40010,4
40020,4
40030,4
40040,4
40050,4
40060,4
40070,4
40080,4
40090,4
40100,4
40110,4
40120,4
40130,4
40140,4
40150,4
40160,4
40170,3
40180,3
40190,3
40200,3
40210,3
40220,3
40230,3
40240,3
40250,3
40260,3
40270,3
40280,3
40290,3
40300,3
40310,3
40320,3
40330,3
40340,3
40350,3
40360,3
40370,3
40380,3
40390,3
40400,3
40410,3
40420,2
40430,2
40440,2
40450,2
40460,2
40470,2
40480,2
40490,2
40500,2
40510,2
40520,2
40530,2
40540,2
40550,2
40560,2
40570,2
40580,2
40590,2
40600,2
40610,2
40620,2
40630,2
40640,2
40650,2
40660,2
40670,2
40680,2
40690,2
40700,2
40710,2
40720,2
40730,2
40740,2
40750,2
40760,2
40770,2
40780,2
40790,2
40800,2
40810,2
40820,2
40830,2
40840,2
40850,2
40860,2
40870,3
40880,3
40890,3
40900,3
40910,3
40920,3
40930,3
40940,3
40950,3
40960,3
40970,3
40980,3
40990,3
41000,3
41010,3
41020,3
41030,4
41040,4
41050,4
41060,4
41070,4
41080,3
41090,3
41100,3
41110,3
41120,3
41130,3
41140,3
41150,3
41160,3
41170,3
41180,3
41190,3
41200,4
41210,4
41220,3
41230,3
41240,4
41250,4
41260,4
41270,4
41280,4
41290,4
41300,4
41310,4
41320,4
41330,4
41340,4
41350,4
41360,4
41370,4
41380,4
41390,4
41400,4
41410,4
41420,4
41430,4
41440,4
41450,4
41460,4
41470,4
41480,4
41490,4
41500,4
41510,4
41520,4
41530,4
41540,4
41550,4
41560,4
41570,4
41580,4
41590,4
41600,4
41610,3
41620,3
41630,3
41640,3
41650,3
41660,3
41670,3
41680,3
41690,3
41700,3
41710,3
41720,3
41730,3
41740,3
41750,3
41760,3
41770,3
41780,3
41790,3
41800,3
41810,3
41820,3
41830,2
41840,2
41850,2
41860,2
41870,2
41880,2
41890,2
41900,2
41910,2
41920,2
41930,2
41940,2
41950,2
41960,2
41970,2
41980,2
41990,2
42000,2
42010,2
42020,2
42030,2
42040,2
42050,2
42060,2
42070,2
42080,2
42090,2
42100,2
42110,2
42120,2
42130,2
42140,2
42150,2
42160,2
42170,2
42180,2
42190,2
42200,2
42210,2
42220,2
42230,2
42240,3
42250,3
42260,3
42270,3
42280,3
42290,3
42300,3
42310,3
42320,4
42330,4
42340,4
42350,4
42360,4
42370,4
42380,4
42390,4
42400,4
42410,4
42420,4
42430,4
42440,4
42450,4
42460,4
42470,4
42480,4
42490,4
42500,4
42510,4
42520,4
42530,4
42540,4
42550,4
42560,4
42570,4
42580,4
42590,4
42600,4
42610,4
42620,4
42630,4
42640,4
42650,4
42660,4
42670,4
42680,4
42690,4
42700,4
42710,4
42720,4
42730,4
42740,4
42750,4
42760,4
42770,4
42780,4
42790,4
42800,4
42810,4
42820,4
42830,4
42840,4
42850,4
42860,4
42870,4
42880,4
42890,4
42900,4
42910,4
42920,4
42930,4
42940,4
42950,4
42960,4
42970,4
42980,4
42990,4
43000,4
43010,4
43020,4
43030,4
43040,4
43050,3
43060,3
43070,3
43080,3
43090,3
43100,3
43110,3
43120,3
43130,3
43140,3
43150,3
43160,3
43170,3
43180,3
43190,3
43200,3
43210,3
43220,3
43230,3
43240,3
43250,3
43260,2
43270,3
43280,3
43290,2
43300,2
43310,2
43320,2
43330,2
43340,2
43350,2
43360,2
43370,2
43380,2
43390,2
43400,2
43410,2
43420,2
43430,2
43440,2
43450,2
43460,2
43470,2
43480,2
43490,2
43500,2
43510,2
43520,2
43530,2
43540,2
43550,2
43560,2
43570,2
43580,2
43590,2
43600,2
43610,2
43620,2
43630,2
43640,2
43650,2
43660,2
43670,2
43680,3
43690,3
43700,3
43710,3
43720,3
43730,3
43740,3
43750,3
43760,3
43770,3
43780,3
43790,4
43800,4
43810,4
43820,4
43830,4
43840,4
43850,4
43860,4
43870,4
43880,4
43890,4
43900,4
43910,4
43920,4
43930,4
43940,4
43950,4
43960,4
43970,4
43980,4
43990,4
44000,4
44010,4
44020,4
44030,4
44040,4
44050,4
44060,4
44070,4
44080,4
44090,4
44100,4
44110,4
44120,4
44130,4
44140,4
44150,4
44160,4
44170,4
44180,4
44190,4
44200,4
44210,4
44220,4
44230,4
44240,4
44250,4
44260,4
44270,4
44280,4
44290,4
44300,4
44310,4
44320,4
44330,4
44340,4
44350,4
44360,4
44370,4
44380,4
44390,4
44400,4
44410,4
44420,4
44430,4
44440,4
44450,4
44460,4
44470,4
44480,3
44490,3
44500,3
44510,3
44520,3
44530,3
44540,3
44550,3
44560,3
44570,3
44580,3
44590,3
44600,3
44610,3
44620,4
44630,4
44640,5
44650,5
44660,5
44670,5
44680,4
44690,4
44700,4
44710,4
44720,3
44730,3
44740,3
44750,3
44760,3
44770,3
44780,3
44790,3
44800,3
44810,3
44820,3
44830,3
44840,3
44850,3
44860,3
44870,3
44880,2
44890,2
44900,2
44910,2
44920,2
44930,2
44940,2
44950,2
44960,2
44970,2
44980,2
44990,2
45000,2
45010,2
45020,2
45030,2
45040,2
45050,2
45060,2
45070,2
45080,2
45090,2
45100,2
45110,2
45120,2
45130,2
45140,2
45150,2
45160,2
45170,2
45180,2
45190,2
45200,2
45210,2
45220,2
45230,3
45240,3
45250,3
45260,3
45270,3
45280,3
45290,3
45300,3
45310,3
45320,3
45330,3
45340,4
45350,4
45360,4
45370,4
45380,4
45390,4
45400,4
45410,4
45420,4
45430,3
45440,3
45450,3
45460,3
45470,3
45480,3
45490,3
45500,3
45510,3
45520,3
45530,3
45540,3
45550,3
45560,3
45570,3
45580,3
45590,3
45600,3
45610,3
45620,3
45630,4
45640,4
45650,4
45660,4
45670,4
45680,4
45690,4
45700,4
45710,4
45720,4
45730,4
45740,4
45750,4
45760,4
45770,4
45780,4
45790,4
45800,4
45810,4
45820,4
45830,4
45840,4
45850,4
45860,4
45870,4
45880,4
45890,3
45900,3
45910,3
45920,3
45930,3
45940,3
45950,3
45960,3
45970,3
45980,3
45990,3
46000,3
46010,3
46020,3
46030,3
46040,3
46050,3
46060,3
46070,3
