Time,AMF Utilization (%)
0,80.01666666666667
10,80.64444444444445
20,79.56666666666666
30,77.00277777777778
40,76.76111111111112
50,74.75833333333334
60,74.58611111111111
70,72.51666666666667
80,69.70555555555555
90,69.49166666666666
100,69.32222222222222
110,66.42222222222223
120,67.20833333333334
130,64.72777777777777
140,62.386111111111106
150,61.291666666666664
160,58.827777777777776
170,55.61944444444444
180,55.11388888888889
190,54.96944444444445
200,53.69166666666667
210,53.00555555555555
220,52.46388888888889
230,73.83739837398375
240,73.44527363184079
250,73.95833333333334
260,72.35416666666666
270,70.89999999999999
280,71.175
290,67.70833333333334
300,69.44583333333333
310,69.04583333333333
320,67.37916666666666
330,67.55
340,68.13333333333334
350,65.55
360,66.46666666666667
370,66.375
380,66.64583333333334
390,67.35416666666667
400,68.77916666666667
410,69.02083333333333
420,69.47916666666667
430,72.97083333333333
440,71.79166666666667
450,76.5
460,78.74583333333334
470,80.23333333333333
480,90.87083333333334
490,63.06388888888888
500,65.21388888888889
510,68.40555555555555
520,72.09166666666667
530,75.26666666666667
540,76.98611111111111
550,79.70555555555555
560,80.81388888888888
570,62.4125
580,65.2875
590,64.42083333333333
600,65.85625
610,66.40416666666667
620,67.10833333333333
630,67.22291666666666
640,68.67916666666667
650,68.825
660,68.43958333333333
670,69.90416666666667
680,68.88125000000001
690,68.90625
700,69.32291666666667
710,69.11874999999999
720,68.29791666666667
730,68.89583333333333
740,68.32083333333333
750,68.4625
760,69.575
770,68.46875
780,66.35625
790,67.29375
800,66.00416666666666
810,65.57083333333334
820,68.54375
830,67.47291666666668
840,66.225
850,66.59166666666667
860,68.19791666666667
870,68.30000000000001
880,68.4875
890,66.89791666666667
900,66.25208333333333
910,66.975
920,67.325
930,67.69166666666668
940,66.45833333333333
950,67.98333333333333
960,68.44791666666666
970,70.36666666666666
980,68.77291666666666
990,69.75208333333333
1000,68.38541666666667
1010,70.49166666666666
1020,71.1875
1030,70.30416666666667
1040,72.18541666666667
1050,71.775
1060,70.05
1070,69.69791666666667
1080,70.16666666666667
1090,69.58125
1100,70.75625
1110,70.88125
1120,70.89375
1130,70.95
1140,70.94166666666666
1150,70.04375
1160,69.63958333333333
1170,68.86041666666667
1180,69.31666666666668
1190,67.77916666666667
1200,68.40208333333334
1210,66.7875
1220,67.12291666666667
1230,67.72708333333334
1240,67.52916666666667
1250,67.46458333333332
1260,65.00208333333333
1270,66.46666666666667
1280,64.9
1290,65.27291666666667
1300,63.800000000000004
1310,63.20416666666666
1320,62.74166666666666
1330,61.84375
1340,62.133333333333326
1350,62.0
1360,60.46875000000001
1370,60.577083333333334
1380,59.587500000000006
1390,76.41530054644808
1400,78.11738648947951
1410,76.91666666666667
1420,75.14166666666667
1430,74.28333333333333
1440,73.0611111111111
1450,71.78888888888889
1460,71.71388888888889
1470,70.43055555555556
1480,68.16944444444445
1490,66.50277777777778
1500,66.70833333333334
1510,65.69722222222222
1520,61.836111111111116
1530,61.43888888888889
1540,60.333333333333336
1550,58.09722222222222
1560,57.15833333333333
1570,55.775
1580,54.91111111111111
1590,54.96666666666666
1600,53.672222222222224
1610,52.43888888888889
1620,76.63414634146342
1630,76.38474295190714
1640,75.11666666666666
1650,74.23333333333333
1660,74.15
1670,72.02916666666667
1680,71.87083333333332
1690,71.04583333333333
1700,70.84166666666667
1710,70.35416666666666
1720,70.42500000000001
1730,69.39999999999999
1740,68.40416666666667
1750,68.60000000000001
1760,69.63333333333334
1770,70.77916666666667
1780,71.10833333333333
1790,73.775
1800,76.12083333333334
1810,79.7625
1820,81.08333333333333
1830,86.24166666666667
1840,61.49444444444444
1850,64.825
1860,71.57777777777777
1870,75.81666666666666
1880,82.27222222222223
1890,85.83888888888889
1900,67.07916666666667
1910,67.42708333333334
1920,70.13125
1930,70.03125
1940,70.17291666666667
1950,70.99166666666666
1960,71.25416666666666
1970,70.94375000000001
1980,72.7625
1990,70.72708333333333
2000,73.17708333333334
2010,73.16875
2020,73.36458333333333
2030,72.95833333333334
2040,70.66875
2050,71.33125
2060,73.48333333333333
2070,73.41458333333334
2080,73.62708333333333
2090,71.66041666666668
2100,72.36875
2110,71.94166666666668
2120,72.05625
2130,72.17916666666667
2140,72.33125
2150,72.73125
2160,72.01041666666667
2170,71.86458333333333
2180,72.40625
2190,72.47083333333333
2200,73.93958333333333
2210,73.21458333333334
2220,72.23125
2230,72.02499999999999
2240,71.97916666666667
2250,72.57083333333333
2260,73.18958333333333
2270,73.19791666666666
2280,72.07083333333333
2290,74.08125
2300,72.60208333333334
2310,72.39583333333334
2320,72.00833333333333
2330,73.63958333333333
2340,72.80624999999999
2350,72.25416666666666
2360,72.65
2370,73.98333333333333
2380,73.37083333333332
2390,73.30833333333334
2400,75.23125
2410,74.94166666666666
2420,74.43125
2430,76.11875
2440,75.89583333333333
2450,76.29583333333333
2460,76.41666666666667
2470,78.35208333333334
2480,77.3625
2490,75.26875
2500,77.04375
2510,77.65208333333334
2520,77.1125
2530,78.35625
2540,76.3625
2550,76.55625
2560,75.73541666666667
2570,75.94583333333334
2580,75.52708333333334
2590,74.83541666666666
2600,74.69583333333333
2610,72.55625
2620,71.73125
2630,70.24166666666667
2640,71.38958333333333
2650,70.58333333333333
2660,69.78541666666666
2670,69.59583333333333
2680,69.20625
2690,66.45
2700,67.57291666666667
2710,68.69791666666667
2720,67.12291666666667
2730,65.84791666666666
2740,65.39791666666666
2750,64.72708333333334
2760,63.387499999999996
2770,65.0
2780,63.51041666666667
2790,62.393750000000004
2800,61.36666666666667
2810,59.8125
2820,60.21666666666666
2830,58.03958333333333
2840,76.04098360655738
2850,77.40033222591363
2860,76.25833333333333
2870,74.59722222222223
2880,74.30555555555556
2890,70.51666666666667
2900,70.86111111111111
2910,71.54722222222222
2920,70.49444444444445
2930,68.1361111111111
2940,67.04722222222223
2950,69.19444444444444
2960,62.49722222222223
2970,64.32777777777777
2980,65.17222222222222
2990,59.71944444444445
3000,67.2
3010,60.8
3020,57.9
3030,58.83888888888889
3040,57.25555555555556
3050,55.49166666666666
3060,56.71944444444444
3070,55.43611111111111
3080,52.597222222222214
3090,54.67777777777778
3100,53.986111111111114
3110,57.61388888888889
3120,50.740437158469945
3130,51.54485049833887
3140,74.8170731707317
3150,74.58540630182421
3160,75.12083333333334
3170,74.95416666666667
3180,77.19166666666666
3190,75.77083333333333
3200,76.5125
3210,75.76666666666667
3220,78.475
3230,79.43333333333334
3240,83.31666666666668
3250,85.91250000000001
3260,58.391666666666666
3270,61.63055555555555
3280,64.88055555555555
3290,71.82777777777778
3300,75.17777777777778
3310,79.31388888888888
3320,85.49722222222222
3330,89.03888888888889
3340,68.9375
3350,68.39166666666667
3360,69.66666666666667
3370,70.72083333333333
3380,69.62916666666666
3390,71.925
3400,72.77708333333334
3410,71.33749999999999
3420,71.9375
3430,71.55625
3440,71.64583333333333
3450,72.56666666666666
3460,72.7625
3470,71.43125
3480,71.275
3490,70.15208333333334
3500,71.33125
3510,71.99583333333334
3520,71.63541666666666
3530,72.46249999999999
3540,71.13333333333334
3550,70.51041666666666
3560,69.97916666666667
3570,70.02291666666667
3580,71.45416666666667
3590,70.475
3600,71.56458333333333
3610,72.3125
3620,71.3625
3630,73.09375
3640,71.16666666666667
3650,71.56666666666666
3660,73.06875000000001
3670,72.11666666666666
3680,72.74374999999999
3690,72.00833333333333
3700,72.85416666666666
3710,73.06666666666666
3720,71.51666666666667
3730,71.97916666666667
3740,72.69791666666666
3750,74.03333333333333
3760,72.5125
3770,71.77916666666667
3780,71.21666666666667
3790,73.22708333333333
3800,72.98958333333333
3810,72.97083333333333
3820,72.26458333333333
3830,74.22291666666668
3840,74.35833333333333
3850,74.36874999999999
3860,75.81875
3870,75.36458333333333
3880,76.18541666666667
3890,76.72708333333334
3900,74.99375
3910,79.19791666666667
3920,77.96041666666666
3930,79.36875
3940,78.16458333333334
3950,78.50833333333334
3960,78.13333333333333
3970,77.46875
3980,77.97708333333333
3990,77.56875
4000,77.7875
4010,76.25208333333333
4020,75.84375
4030,74.6
4040,74.44375
4050,73.48333333333333
4060,72.6125
4070,70.6375
4080,70.68333333333334
4090,70.10208333333333
4100,69.38333333333333
4110,69.60625
4120,69.69375
4130,68.78958333333334
4140,68.58125000000001
4150,68.80416666666666
4160,66.35208333333334
4170,65.37083333333334
4180,66.35
4190,65.82291666666666
4200,64.53541666666666
4210,62.74999999999999
4220,62.668749999999996
4230,61.352083333333326
4240,62.31875
4250,60.91458333333334
4260,59.15208333333334
4270,59.10833333333333
4280,77.01092896174863
4290,76.7718715393134
4300,74.6861111111111
4310,74.2611111111111
4320,74.76666666666667
4330,73.20277777777778
4340,72.81666666666666
4350,71.88055555555556
4360,74.13333333333333
4370,69.66111111111111
4380,66.18611111111112
4390,66.25
4400,71.74722222222222
4410,62.40555555555556
4420,63.33333333333333
4430,62.016666666666666
4440,61.25000000000001
4450,60.55833333333334
4460,60.358333333333334
4470,58.988888888888894
4480,56.11388888888889
4490,59.91388888888889
4500,56.53055555555555
4510,60.61388888888889
4520,63.68055555555555
4530,56.87222222222223
4540,52.81111111111111
4550,54.602777777777774
4560,54.858333333333334
4570,50.675000000000004
4580,52.580555555555556
4590,52.727777777777774
4600,73.45528455284553
4610,76.62935323383084
4620,77.74166666666666
4630,74.00833333333333
4640,76.67916666666666
4650,78.77916666666667
4660,76.8875
4670,79.80000000000001
4680,81.74583333333332
4690,82.52916666666667
4700,58.69722222222222
4710,60.663888888888884
4720,64.20555555555556
4730,68.65277777777777
4740,75.14999999999999
4750,78.74444444444444
4760,83.41666666666666
4770,88.35
4780,67.1125
4790,68.39791666666667
4800,69.77916666666667
4810,71.55625
4820,72.98333333333333
4830,71.31875
4840,72.79583333333333
4850,73.20416666666667
4860,74.97708333333334
4870,74.175
4880,73.46041666666666
4890,71.5125
4900,77.35
4910,75.86458333333333
4920,75.34583333333333
4930,75.64166666666667
4940,73.62916666666666
4950,70.26458333333333
4960,73.46666666666667
4970,72.90208333333334
4980,73.65416666666667
4990,73.70625
5000,71.95416666666667
5010,71.20833333333333
5020,73.56458333333333
5030,72.03333333333333
5040,73.12083333333334
5050,73.95
5060,73.14375
5070,73.47291666666666
5080,72.46041666666667
5090,70.52291666666667
5100,71.34791666666666
5110,70.43125
5120,71.18333333333334
5130,70.50833333333333
5140,73.09791666666666
5150,72.32083333333334
5160,73.17708333333334
5170,72.6625
5180,72.06041666666667
5190,72.85208333333333
5200,72.23125
5210,71.73541666666667
5220,72.04583333333333
5230,72.72083333333333
5240,73.84166666666667
5250,75.04583333333333
5260,74.42083333333333
5270,73.83333333333333
5280,75.31875
5290,75.22916666666667
5300,75.62708333333333
5310,74.51041666666667
5320,75.18125
5330,75.33125000000001
5340,76.2
5350,77.57916666666667
5360,78.30625
5370,78.81875000000001
5380,78.52291666666666
5390,79.34166666666667
5400,77.06666666666668
5410,76.59166666666667
5420,76.18958333333333
5430,75.3875
5440,77.53750000000001
5450,77.58125
5460,76.38541666666666
5470,75.61041666666667
5480,73.875
5490,72.16666666666667
5500,72.48541666666667
5510,70.92291666666667
5520,69.88333333333333
5530,69.19166666666666
5540,69.70416666666667
5550,68.21249999999999
5560,68.65833333333333
5570,67.225
5580,67.82083333333333
5590,67.13958333333333
5600,64.95
5610,64.53125
5620,64.41875
5630,63.610416666666666
5640,62.37291666666667
5650,62.51041666666667
5660,61.235416666666666
5670,60.10208333333333
5680,59.95
5690,58.481249999999996
5700,77.93715846994536
5710,76.53654485049833
5720,75.2611111111111
5730,74.18055555555556
5740,73.53333333333333
5750,73.20277777777778
5760,72.275
5770,71.16111111111111
5780,68.01388888888889
5790,70.10833333333333
5800,69.69444444444444
5810,69.69722222222222
5820,67.45277777777777
5830,65.53888888888889
5840,65.4
5850,62.886111111111106
5860,63.975
5870,72.84722222222221
5880,59.48611111111111
5890,61.74166666666666
5900,60.925
5910,56.95555555555556
5920,57.105555555555554
5930,57.22222222222222
5940,54.19166666666667
5950,54.59166666666667
5960,54.68888888888889
5970,52.62222222222223
5980,54.31111111111111
5990,51.925
6000,75.16666666666667
6010,75.82918739635157
6020,75.60833333333333
6030,75.35
6040,74.52916666666667
6050,74.01666666666667
6060,74.77916666666667
6070,74.05833333333334
6080,74.2875
6090,75.79583333333333
6100,76.57916666666667
6110,78.25416666666666
6120,82.71666666666667
6130,83.80833333333332
6140,56.738888888888894
6150,61.34722222222222
6160,64.16944444444445
6170,68.475
6180,74.125
6190,77.74722222222222
6200,82.46666666666667
6210,86.60277777777777
6220,66.60000000000001
6230,67.975
6240,70.15208333333334
6250,70.38125
6260,70.2625
6270,71.61666666666666
6280,71.96875
6290,71.26458333333333
6300,71.45416666666667
6310,72.21458333333334
6320,72.91666666666666
6330,71.16875
6340,71.22708333333333
6350,71.69791666666666
6360,72.19166666666666
6370,72.19583333333334
6380,70.99166666666666
6390,70.28333333333333
6400,70.96041666666667
6410,71.81875
6420,70.88333333333333
6430,71.92291666666667
6440,71.28125
6450,71.84375
6460,70.87708333333333
6470,71.6125
6480,71.17291666666667
6490,71.00625000000001
6500,71.38958333333333
6510,72.09375
6520,70.65416666666667
6530,70.8625
6540,72.07083333333333
6550,70.92916666666666
6560,70.75833333333334
6570,73.34791666666666
6580,73.08333333333333
6590,72.96666666666667
6600,73.14583333333333
6610,72.36041666666667
6620,72.98125
6630,74.34375
6640,73.73958333333334
6650,72.46875
6660,73.12083333333334
6670,72.11874999999999
6680,73.23958333333334
6690,73.47291666666666
6700,74.02083333333334
6710,74.01458333333333
6720,74.14791666666667
6730,74.52083333333334
6740,74.56875
6750,76.11041666666667
6760,76.49791666666667
6770,76.63125
6780,76.35833333333333
6790,77.9125
6800,76.05416666666667
6810,77.06041666666667
6820,77.78333333333333
6830,76.1375
6840,75.64791666666667
6850,77.50208333333333
6860,77.48125
6870,76.60208333333334
6880,77.86874999999999
6890,75.3375
6900,75.3375
6910,74.07916666666667
6920,72.9375
6930,72.85208333333333
6940,71.05208333333334
6950,71.28958333333333
6960,70.75208333333333
6970,69.69166666666666
6980,69.48125
6990,70.12916666666666
7000,69.71875
7010,67.75625
7020,68.41041666666666
7030,67.5625
7040,65.99374999999999
7050,64.95833333333333
7060,65.41666666666667
7070,64.83333333333333
7080,63.64375
7090,62.87083333333333
7100,62.983333333333334
7110,61.01875
7120,61.87083333333333
7130,61.02708333333333
7140,59.829166666666666
7150,60.920833333333334
7160,77.4344262295082
7170,76.26799557032116
7180,76.625
7190,74.76388888888889
7200,74.7611111111111
7210,73.6888888888889
7220,72.20833333333333
7230,69.33888888888889
7240,68.53888888888889
7250,66.74722222222222
7260,67.76111111111112
7270,66.15277777777779
7280,64.15555555555555
7290,64.2
7300,63.55833333333333
7310,61.06388888888888
7320,61.82777777777778
7330,59.458333333333336
7340,58.419444444444444
7350,58.958333333333336
7360,56.05
7370,55.73055555555556
7380,54.93055555555556
7390,54.794444444444444
7400,53.486111111111114
7410,52.75
7420,53.5
7430,51.00555555555556
7440,75.35772357723577
7450,76.52155887230514
7460,74.30416666666667
7470,74.4875
7480,74.52083333333334
7490,74.07916666666667
7500,74.26666666666667
7510,75.75
7520,73.85416666666667
7530,76.75416666666666
7540,77.03333333333333
7550,77.50416666666666
7560,81.51666666666667
7570,83.77916666666667
7580,58.04722222222222
7590,60.769444444444446
7600,63.55
7610,68.21666666666667
7620,72.75
7630,78.28055555555555
7640,81.93333333333334
7650,87.77222222222221
7660,66.33333333333333
7670,68.21041666666666
7680,70.30416666666667
7690,71.95625
7700,71.38958333333333
7710,72.74166666666667
7720,71.30833333333332
7730,70.96041666666667
7740,70.93541666666667
7750,72.21666666666667
7760,71.78541666666666
7770,72.75
7780,72.83333333333334
7790,72.25833333333334
7800,72.77916666666667
7810,71.74166666666667
7820,71.38125
7830,72.76875000000001
7840,72.00416666666666
7850,72.50416666666666
7860,72.59166666666667
7870,72.47708333333334
7880,72.94791666666667
7890,72.76458333333333
7900,72.32499999999999
7910,70.86875
7920,71.91666666666666
7930,71.6625
7940,72.38541666666667
7950,73.0
7960,71.8375
7970,73.27291666666666
7980,72.25208333333333
7990,73.1625
8000,72.28541666666666
8010,73.26666666666667
8020,74.15833333333333
8030,72.77083333333333
8040,73.29583333333333
8050,72.975
8060,73.47916666666666
8070,74.46041666666666
8080,73.39375
8090,72.44791666666667
8100,74.23333333333333
8110,74.97083333333333
8120,75.34375
8130,74.96458333333334
8140,76.26666666666667
8150,74.46875
8160,77.60208333333334
8170,76.15208333333334
8180,77.21875
8190,77.31041666666667
8200,77.85833333333333
8210,77.37916666666666
8220,77.75833333333333
8230,78.8625
8240,77.58125
8250,79.23958333333333
8260,79.84583333333333
8270,79.78125
8280,79.87916666666666
8290,78.0
8300,77.57708333333333
8310,79.3625
8320,79.3125
8330,76.13333333333333
8340,78.6875
8350,75.93333333333334
8360,75.61458333333333
8370,74.5625
8380,74.5625
8390,73.72291666666668
8400,72.67708333333334
8410,71.07916666666667
8420,70.81041666666667
8430,71.49791666666667
8440,70.72291666666666
8450,82.24166666666667
8460,67.44166666666666
8470,70.58125
8480,68.48333333333333
8490,65.14166666666667
8500,66.19375
8510,66.86666666666666
8520,65.11875
8530,64.03333333333333
8540,64.74583333333334
8550,62.4
8560,62.72291666666666
8570,63.387499999999996
8580,61.18958333333333
8590,60.96666666666667
8600,59.79375
8610,58.75625
8620,77.95081967213115
8630,78.61572535991141
8640,76.43055555555556
8650,76.29722222222223
8660,73.9888888888889
8670,73.09166666666667
8680,72.66111111111111
8690,71.68333333333334
8700,68.35555555555555
8710,68.40833333333333
8720,65.94166666666666
8730,64.75277777777778
8740,64.375
8750,63.855555555555554
8760,60.711111111111116
8770,61.72222222222222
8780,60.98055555555556
8790,58.797222222222224
8800,60.26111111111111
8810,58.71666666666666
8820,55.136111111111106
8830,55.78055555555556
8840,54.480555555555554
8850,53.263888888888886
8860,54.87222222222222
8870,51.76666666666667
8880,49.68611111111111
8890,79.9959349593496
8900,74.66417910447761
8910,72.9375
8920,75.18333333333334
8930,72.64166666666667
8940,71.55833333333334
8950,72.875
8960,70.32916666666667
8970,70.38333333333333
8980,72.34583333333333
8990,73.27083333333333
9000,73.0375
9010,75.00416666666668
9020,73.80416666666667
9030,75.60833333333333
9040,78.80416666666666
9050,78.6875
9060,79.73333333333333
9070,56.19722222222222
9080,57.30833333333333
9090,59.12777777777778
9100,64.30277777777778
9110,64.78055555555555
9120,70.05833333333334
9130,73.73611111111111
9140,77.45555555555555
9150,79.96388888888889
9160,83.16388888888889
9170,63.61875
9180,65.43333333333334
9190,67.18958333333333
9200,68.30208333333333
9210,67.35
9220,69.625
9230,67.4875
9240,69.89166666666667
9250,69.55416666666666
9260,68.13958333333333
9270,67.69375
9280,69.86458333333333
9290,68.49166666666666
9300,67.69375
9310,69.66458333333333
9320,69.06875
9330,69.41874999999999
9340,69.98333333333333
9350,68.63125
9360,68.96875
9370,69.25
9380,68.26041666666667
9390,67.44791666666666
9400,67.81458333333333
9410,67.62083333333334
9420,68.04583333333333
9430,66.7
9440,66.70416666666667
9450,65.925
9460,67.17083333333333
9470,66.07916666666667
9480,67.05208333333333
9490,67.30625
9500,66.80833333333334
9510,67.12916666666666
9520,67.68333333333332
9530,66.14166666666667
9540,66.82916666666667
9550,66.60208333333333
9560,66.65833333333333
9570,66.86666666666666
9580,67.89791666666667
9590,68.15208333333334
9600,67.46666666666667
9610,66.84166666666667
9620,66.99166666666667
9630,67.80833333333334
9640,68.6125
9650,68.10208333333333
9660,68.51041666666666
9670,70.18124999999999
9680,70.58541666666667
9690,70.27916666666667
9700,71.66041666666668
9710,70.08333333333333
9720,69.475
9730,69.32083333333333
9740,68.66458333333333
9750,68.32291666666667
9760,69.02916666666667
9770,70.15625
9780,69.56041666666667
9790,69.97291666666666
9800,68.44583333333333
9810,68.68958333333333
9820,68.36041666666667
9830,67.75
9840,67.68958333333333
9850,66.97083333333333
9860,66.06458333333333
9870,68.38541666666667
9880,66.175
9890,65.74375
9900,65.62083333333332
9910,66.25
9920,64.16458333333334
9930,64.76666666666667
9940,65.34583333333333
9950,63.59583333333333
9960,62.329166666666666
9970,62.291666666666664
9980,63.03333333333333
9990,62.56458333333333
10000,61.77291666666667
10010,62.31458333333333
10020,61.21666666666666
10030,61.4875
10040,60.199999999999996
10050,59.17083333333333
10060,60.51875
10070,78.32786885245902
10080,77.62458471760797
10090,76.22777777777779
10100,74.36944444444444
10110,73.50555555555556
10120,71.75277777777778
10130,71.70277777777778
10140,69.59444444444445
10150,68.98055555555555
10160,65.89722222222221
10170,65.92777777777778
10180,66.10000000000001
10190,63.894444444444446
10200,62.705555555555556
10210,62.28055555555555
10220,59.205555555555556
10230,58.69444444444445
10240,58.638888888888886
10250,56.08333333333333
10260,56.40277777777778
10270,54.25
10280,53.113888888888894
10290,52.38333333333334
10300,52.525
10310,76.08536585365854
10320,74.61857379767828
10330,73.1
10340,72.07083333333333
10350,71.875
10360,68.75416666666668
10370,67.66250000000001
10380,68.46666666666667
10390,67.16666666666666
10400,65.925
10410,67.65416666666667
10420,66.55833333333334
10430,64.33333333333333
10440,66.22083333333333
10450,66.24166666666666
10460,65.4875
10470,67.4
10480,66.8375
10490,66.8625
10500,69.84166666666667
10510,71.57916666666667
10520,71.15416666666667
10530,74.66666666666667
10540,76.95
10550,78.14583333333334
10560,87.51666666666667
10570,61.09166666666667
10580,60.875
10590,65.47222222222221
10600,68.17222222222222
10610,68.54444444444444
10620,74.45555555555555
10630,76.225
10640,78.18888888888888
10650,80.62222222222222
10660,62.358333333333334
10670,64.21041666666667
10680,63.54791666666667
10690,63.46874999999999
10700,64.78541666666666
10710,65.28125
10720,66.60000000000001
10730,66.40208333333332
10740,67.95833333333333
10750,68.10208333333333
10760,67.14166666666667
10770,68.24583333333332
10780,69.56458333333333
10790,68.72291666666666
10800,68.47916666666667
10810,69.40625
10820,68.02708333333334
10830,68.10208333333333
10840,68.71458333333334
10850,66.37708333333333
10860,67.07916666666667
10870,64.97500000000001
10880,65.35833333333333
10890,66.18541666666667
10900,66.18333333333334
10910,65.49583333333334
10920,65.90208333333332
10930,65.53750000000001
10940,65.30416666666666
10950,65.62708333333333
10960,66.61666666666667
10970,67.09375
10980,66.08541666666666
10990,66.03541666666666
11000,66.58125
11010,65.62916666666668
11020,66.57499999999999
11030,65.70208333333333
11040,67.50416666666666
11050,67.83749999999999
11060,67.41875
11070,68.25833333333333
11080,68.65416666666667
11090,68.15
11100,68.95833333333333
11110,68.02291666666666
11120,68.82291666666667
11130,68.80208333333333
11140,69.16041666666666
11150,68.88958333333333
11160,68.85416666666667
11170,68.7625
11180,69.66250000000001
11190,68.59791666666666
11200,71.13541666666666
11210,69.6875
11220,69.62083333333334
11230,69.60833333333333
11240,69.77083333333334
11250,69.62291666666667
11260,68.82291666666667
11270,67.59166666666667
11280,69.67916666666667
11290,68.08333333333333
11300,69.03125
11310,69.1125
11320,69.13541666666667
11330,67.13541666666667
11340,67.49166666666667
11350,66.25416666666666
11360,66.425
11370,67.06458333333333
11380,65.56666666666666
11390,64.025
11400,64.15208333333334
11410,64.30624999999999
11420,64.03333333333333
11430,61.916666666666664
11440,62.77916666666666
11450,60.610416666666666
11460,58.30833333333333
11470,58.71041666666667
11480,77.74043715846994
11490,76.65836101882614
11500,74.15
11510,74.325
11520,73.55555555555556
11530,71.92777777777778
11540,71.04444444444444
11550,70.35277777777777
11560,69.40277777777779
11570,68.1361111111111
11580,68.14166666666667
11590,66.29722222222222
11600,63.644444444444446
11610,63.62777777777778
11620,61.224999999999994
11630,59.08888888888889
11640,58.75277777777777
11650,56.33611111111111
11660,56.10277777777778
11670,55.47222222222222
11680,53.894444444444446
11690,52.725
11700,51.9
11710,51.30833333333334
11720,72.90243902439025
11730,74.58955223880596
11740,74.7375
11750,72.42916666666666
11760,71.54583333333333
11770,71.4125
11780,70.00416666666666
11790,70.22500000000001
11800,69.71666666666667
11810,69.05833333333334
11820,70.41666666666667
11830,69.6125
11840,69.69583333333334
11850,70.63333333333334
11860,72.3625
11870,72.6375
11880,75.88333333333334
11890,79.225
11900,80.47916666666667
11910,86.55833333333334
11920,61.25833333333334
11930,64.51388888888889
11940,71.79166666666667
11950,76.13888888888889
11960,80.21111111111111
11970,86.35277777777777
11980,66.87083333333334
11990,67.13958333333333
12000,69.65208333333334
12010,71.09375
12020,70.3625
12030,72.05625
12040,70.54166666666667
12050,71.38333333333333
12060,71.275
12070,72.23333333333333
12080,72.59583333333333
12090,72.77291666666666
12100,72.96458333333334
12110,72.31875
12120,72.93541666666667
12130,72.73541666666667
12140,71.99791666666667
12150,73.38958333333333
12160,72.22083333333333
12170,73.18124999999999
12180,73.13125000000001
12190,73.38541666666667
12200,72.94375
12210,73.625
12220,73.33125
12230,71.86041666666667
12240,72.61041666666667
12250,74.65208333333334
12260,72.75625
12270,74.16875
12280,74.35000000000001
12290,72.88125
12300,73.09375
12310,73.06458333333333
12320,72.70416666666667
12330,73.64166666666667
12340,74.08333333333333
12350,74.22083333333333
12360,72.74166666666667
12370,73.41666666666666
12380,74.65416666666667
12390,73.78958333333333
12400,73.10208333333334
12410,74.38958333333333
12420,73.97916666666666
12430,74.32291666666667
12440,74.43541666666667
12450,75.27708333333332
12460,76.04791666666667
12470,75.06875
12480,75.58541666666667
12490,75.85
12500,77.14791666666667
12510,76.6375
12520,77.19166666666666
12530,77.29583333333333
12540,77.59583333333333
12550,77.29791666666667
12560,77.17500000000001
12570,78.26458333333333
12580,77.89375
12590,78.74583333333334
12600,78.45208333333333
12610,79.40625
12620,76.175
12630,78.01875
12640,77.17500000000001
12650,75.50625
12660,76.16666666666667
12670,75.14999999999999
12680,74.33333333333333
12690,74.4875
12700,71.80208333333333
12710,70.42083333333333
12720,70.30416666666667
12730,69.24375
12740,69.86250000000001
12750,69.38333333333333
12760,69.87291666666667
12770,69.89791666666667
12780,67.80833333333334
12790,66.87708333333333
12800,66.69375
12810,65.51249999999999
12820,66.25
12830,65.24166666666666
12840,64.83958333333332
12850,65.58125
12860,64.84375
12870,64.52916666666667
12880,63.82916666666667
12890,62.06666666666667
12900,61.608333333333334
12910,61.493750000000006
12920,60.17916666666666
12930,59.71041666666667
12940,59.15625
12950,75.6256830601093
12960,77.32281284606866
12970,76.14166666666667
12980,73.75555555555555
12990,72.0
13000,71.89166666666667
13010,69.45555555555556
13020,70.21666666666667
13030,69.175
13040,66.18888888888888
13050,66.84444444444443
13060,66.59444444444445
13070,63.72777777777778
13080,62.96944444444444
13090,60.69166666666666
13100,60.01111111111111
13110,59.69722222222222
13120,58.81666666666666
13130,57.51666666666667
13140,57.42222222222222
13150,55.63055555555556
13160,54.27222222222222
13170,55.02777777777778
13180,54.55555555555556
13190,52.69444444444444
13200,53.64444444444444
13210,52.900000000000006
13220,52.51388888888889
13230,78.33739837398373
13240,79.39883913764511
13250,77.8125
13260,78.76666666666667
13270,80.075
13280,78.32916666666667
13290,79.53333333333333
13300,56.61388888888889
13310,54.702777777777776
13320,59.236111111111114
13330,61.52777777777778
13340,61.79444444444444
13350,64.96111111111111
13360,67.90833333333333
13370,71.475
13380,76.11666666666666
13390,80.79444444444445
13400,84.98333333333333
13410,66.85833333333333
13420,68.29166666666666
13430,67.88958333333333
13440,69.96666666666667
13450,70.33125
13460,71.76249999999999
13470,71.89791666666666
13480,73.28958333333333
13490,72.39583333333334
13500,74.31875
13510,74.98958333333333
13520,73.16666666666667
13530,75.02083333333334
13540,74.65
13550,73.17291666666667
13560,73.70416666666667
13570,71.96666666666667
13580,73.13958333333333
13590,73.01666666666667
13600,73.32916666666667
13610,74.09375
13620,73.53541666666666
13630,72.77291666666666
13640,71.64375
13650,72.31875
13660,72.13958333333333
13670,71.475
13680,72.92708333333333
13690,73.22916666666667
13700,72.74791666666667
13710,74.29583333333333
13720,73.78958333333333
13730,73.46875
13740,74.33958333333334
13750,73.2
13760,73.78125
13770,73.13125000000001
13780,74.25416666666666
13790,73.36875
13800,73.225
13810,73.475
13820,73.58541666666667
13830,74.0
13840,72.42708333333333
13850,73.05625
13860,72.41458333333334
13870,72.86458333333333
13880,73.85625
13890,73.53958333333334
13900,73.44791666666667
13910,73.28541666666666
13920,73.84375
13930,74.95833333333334
13940,73.80416666666667
13950,73.69791666666666
13960,75.85416666666667
13970,76.15416666666667
13980,76.80624999999999
13990,76.92916666666667
14000,77.17916666666666
14010,76.625
14020,77.48541666666667
14030,76.26875
14040,76.86041666666667
14050,77.30625
14060,76.67500000000001
14070,77.00833333333334
14080,77.24791666666667
14090,77.60000000000001
14100,75.45833333333334
14110,76.38333333333334
14120,75.14583333333333
14130,74.07916666666667
14140,73.53125
14150,71.54583333333333
14160,70.075
14170,70.91458333333334
14180,69.26666666666667
14190,68.75416666666668
14200,68.89999999999999
14210,68.3125
14220,67.525
14230,66.46875
14240,66.70833333333334
14250,65.9
14260,65.35833333333333
14270,64.49583333333334
14280,65.91458333333333
14290,63.65416666666667
14300,61.96458333333334
14310,61.860416666666666
14320,62.697916666666664
14330,59.56458333333333
14340,60.364583333333336
14350,59.420833333333334
14360,76.7103825136612
14370,77.04872646733112
14380,76.55833333333332
14390,76.56666666666668
14400,75.75555555555556
14410,74.42777777777778
14420,74.00555555555556
14430,72.96388888888889
14440,70.29444444444445
14450,69.28888888888889
14460,70.0
14470,68.07222222222222
14480,69.5611111111111
14490,65.83888888888889
14500,65.52222222222223
14510,62.67222222222222
14520,63.91944444444444
14530,62.361111111111114
14540,60.675000000000004
14550,59.741666666666674
14560,59.37222222222223
14570,57.8
14580,57.42222222222222
14590,56.08888888888889
14600,53.98333333333334
14610,55.40833333333334
14620,56.00555555555555
14630,52.94166666666666
14640,53.327777777777776
14650,53.37499999999999
14660,51.275000000000006
14670,52.40555555555556
14680,76.26422764227642
14690,76.72056384742952
14700,77.17916666666666
14710,78.24166666666666
14720,77.52916666666667
14730,79.63333333333334
14740,81.83749999999999
14750,55.5611111111111
14760,56.56666666666666
14770,59.172222222222224
14780,60.58888888888889
14790,63.91388888888889
14800,67.16666666666666
14810,70.70833333333333
14820,75.47222222222221
14830,79.80277777777778
14840,85.075
14850,65.96458333333334
14860,68.32083333333333
14870,68.11458333333333
14880,67.15416666666667
14890,70.61041666666667
14900,67.65833333333333
14910,70.375
14920,71.97916666666667
14930,72.7125
14940,73.28750000000001
14950,72.97291666666666
14960,71.27916666666667
14970,72.43333333333334
14980,72.27083333333333
14990,72.30833333333334
15000,73.34166666666667
15010,72.41666666666666
15020,72.34791666666666
15030,72.47083333333333
15040,71.49166666666666
15050,71.09791666666668
15060,71.33333333333334
15070,71.88958333333333
15080,71.48958333333333
15090,72.70416666666667
15100,71.0125
15110,70.77083333333334
15120,72.65625
15130,72.45
15140,72.18124999999999
15150,72.07291666666666
15160,72.90416666666667
15170,72.67916666666666
15180,73.15625
15190,72.60208333333334
15200,73.11875
15210,73.88125
15220,72.86666666666667
15230,72.99791666666667
15240,73.475
15250,74.1125
15260,75.11041666666667
15270,73.02083333333333
15280,73.06041666666667
15290,73.0125
15300,73.74166666666667
15310,74.84166666666667
15320,74.88541666666667
15330,74.88125
15340,74.23125
15350,73.10624999999999
15360,73.50208333333333
15370,74.74583333333334
15380,74.63541666666667
15390,75.40625
15400,76.49791666666667
15410,76.30416666666666
15420,76.83125
15430,79.54375
15440,78.90833333333333
15450,79.01458333333333
15460,79.1375
15470,78.45416666666667
15480,77.97500000000001
15490,79.28958333333334
15500,78.09375
15510,79.47083333333333
15520,79.17916666666667
15530,77.7625
15540,78.48333333333333
15550,76.68541666666667
15560,76.0125
15570,74.59166666666667
15580,73.61041666666667
15590,71.15625
15600,72.11041666666667
15610,71.38541666666667
15620,70.92500000000001
15630,71.68958333333333
15640,70.04166666666667
15650,68.18125
15660,66.91666666666667
15670,67.44791666666666
15680,65.65416666666667
15690,66.04583333333333
15700,66.68958333333333
15710,64.08958333333334
15720,63.79583333333333
15730,62.916666666666664
15740,61.16666666666667
15750,60.268750000000004
15760,61.76875
15770,60.333333333333336
15780,61.831250000000004
15790,78.69945355191257
15800,76.58637873754152
15810,75.04722222222222
15820,76.30555555555556
15830,75.08888888888889
15840,73.9888888888889
15850,73.275
15860,69.58333333333333
15870,70.22222222222221
15880,70.0611111111111
15890,68.79722222222222
15900,70.32222222222222
15910,67.37222222222222
15920,67.32777777777777
15930,67.06111111111112
15940,65.66666666666666
15950,63.11944444444444
15960,65.0138888888889
15970,62.30833333333333
15980,60.077777777777776
15990,60.65833333333334
16000,59.41111111111111
16010,56.98333333333333
16020,59.22777777777778
16030,56.147222222222226
16040,54.25555555555556
16050,55.78333333333333
16060,54.855555555555554
16070,52.613888888888894
16080,54.17777777777778
16090,51.922222222222224
16100,51.113888888888894
16110,76.20731707317073
16120,77.11857379767828
16130,75.93333333333334
16140,77.95
16150,77.16666666666666
16160,76.02499999999999
16170,79.34166666666667
16180,80.12916666666666
16190,80.125
16200,56.75
16210,58.68333333333333
16220,60.852777777777774
16230,64.30833333333334
16240,66.97777777777777
16250,71.775
16260,75.10833333333333
16270,79.76111111111112
16280,83.94166666666666
16290,65.73333333333333
16300,67.75
16310,67.33125
16320,71.19583333333334
16330,71.76249999999999
16340,70.74166666666667
16350,72.46458333333334
16360,70.92708333333333
16370,72.26875
16380,73.78125
16390,73.21041666666666
16400,72.99166666666666
16410,72.15208333333332
16420,73.57083333333333
16430,72.81875
16440,72.98750000000001
16450,73.93333333333332
16460,72.79791666666667
16470,72.54583333333333
16480,73.65625
16490,72.66458333333333
16500,72.1125
16510,73.18958333333333
16520,72.89791666666666
16530,72.61875
16540,71.07291666666666
16550,72.29166666666667
16560,73.46041666666666
16570,72.925
16580,71.76041666666667
16590,73.15625
16600,72.46666666666667
16610,71.80625
16620,72.73541666666667
16630,72.44166666666668
16640,72.34791666666666
16650,72.68333333333334
16660,72.84583333333333
16670,72.29166666666667
16680,73.43958333333333
16690,73.81875
16700,74.07083333333333
16710,72.82708333333333
16720,73.02291666666667
16730,71.64583333333333
16740,73.11875
16750,73.18541666666667
16760,73.52708333333334
16770,72.95416666666667
16780,73.66041666666666
16790,72.62916666666666
16800,75.46041666666666
16810,75.40416666666667
16820,74.35416666666667
16830,75.93124999999999
16840,75.21875
16850,74.42916666666667
16860,77.34791666666668
16870,75.95833333333334
16880,76.18958333333333
16890,78.48541666666667
16900,77.58125
16910,78.92708333333334
16920,78.43333333333334
16930,78.675
16940,76.98125
16950,79.17083333333333
16960,76.96666666666667
16970,78.15208333333334
16980,76.06875
16990,75.61041666666667
17000,74.375
17010,73.95625
17020,73.45
17030,72.13958333333333
17040,71.7375
17050,70.53958333333334
17060,68.7
17070,71.14583333333333
17080,69.72916666666666
17090,67.825
17100,70.825
17110,68.44375000000001
17120,66.47083333333333
17130,65.35
17140,64.35208333333333
17150,64.21875
17160,63.96875
17170,62.90833333333333
17180,62.625
17190,61.42291666666667
17200,61.62291666666667
17210,60.68125
17220,61.55625
17230,60.18750000000001
17240,58.62083333333333
17250,77.32786885245902
17260,76.06312292358804
17270,74.03055555555555
17280,74.31944444444444
17290,73.08333333333333
17300,73.36111111111111
17310,73.03611111111111
17320,71.475
17330,69.36666666666666
17340,69.10277777777777
17350,68.29444444444445
17360,68.075
17370,67.05833333333334
17380,65.65555555555555
17390,64.60555555555555
17400,64.33333333333333
17410,63.50277777777777
17420,60.32222222222222
17430,59.36111111111111
17440,59.199999999999996
17450,56.78611111111111
17460,58.09444444444445
17470,56.36666666666667
17480,53.961111111111116
17490,55.894444444444446
17500,55.44166666666667
17510,53.11944444444444
17520,53.79166666666667
17530,52.727777777777774
17540,51.74444444444445
17550,52.83333333333333
17560,76.21138211382113
17570,75.58457711442786
17580,78.62083333333332
17590,78.33333333333333
17600,77.45416666666667
17610,79.40416666666667
17620,80.98333333333333
17630,54.41666666666667
17640,57.641666666666666
17650,59.29444444444445
17660,60.43611111111111
17670,64.99444444444444
17680,67.39722222222223
17690,70.34722222222223
17700,75.96111111111111
17710,79.95
17720,83.97222222222223
17730,65.71875
17740,67.58125
17750,67.86458333333333
17760,69.88333333333333
17770,68.87708333333333
17780,70.38541666666667
17790,71.12708333333333
17800,71.23333333333333
17810,72.10625
17820,72.54791666666667
17830,72.275
17840,72.03541666666666
17850,72.79583333333333
17860,72.75833333333334
17870,74.26041666666666
17880,74.37916666666666
17890,73.38541666666667
17900,73.13958333333333
17910,72.8625
17920,71.55
17930,72.225
17940,72.075
17950,72.12708333333333
17960,73.14166666666667
17970,73.26875000000001
17980,72.33958333333334
17990,72.89375
18000,72.60208333333334
18010,72.10833333333333
18020,70.84166666666667
18030,68.83541666666667
18040,72.28541666666666
18050,71.46875
18060,74.09375
18070,72.25625
18080,71.67916666666667
18090,73.25208333333333
18100,73.26666666666667
18110,72.5125
18120,75.87916666666666
18130,74.14375
18140,74.75833333333334
18150,75.03541666666666
18160,73.33958333333334
18170,71.94375
18180,73.00416666666666
18190,74.23125
18200,73.51875
18210,74.14583333333333
18220,75.8
18230,76.40208333333334
18240,75.29166666666667
18250,76.64375
18260,75.84583333333333
18270,76.74583333333334
18280,78.8125
18290,77.19166666666666
18300,77.53958333333333
18310,78.66875
18320,78.41041666666668
18330,78.87708333333333
18340,78.57708333333333
18350,78.10416666666666
18360,79.33958333333334
18370,78.48958333333333
18380,78.57708333333333
18390,79.28125
18400,79.07083333333334
18410,77.51666666666667
18420,78.00833333333334
18430,76.08541666666667
18440,75.7
18450,74.81875
18460,72.94166666666668
18470,71.98541666666667
18480,69.99166666666666
18490,70.82083333333333
18500,69.73541666666667
18510,68.79375
18520,67.525
18530,66.52916666666667
18540,66.92291666666667
18550,66.94375000000001
18560,65.92916666666667
18570,66.25625000000001
18580,65.30208333333334
18590,64.70416666666667
18600,64.38958333333333
18610,63.14375
18620,61.06875000000001
18630,63.12916666666667
18640,61.016666666666666
18650,60.10416666666667
18660,58.487500000000004
18670,58.295833333333334
18680,74.89071038251366
18690,75.35714285714286
18700,73.91111111111111
18710,72.31944444444444
18720,72.33333333333334
18730,71.625
18740,70.61666666666667
18750,69.72777777777777
18760,69.23611111111111
18770,67.89722222222223
18780,67.80555555555556
18790,67.05555555555556
18800,64.96944444444445
18810,64.63055555555556
18820,63.975
18830,61.73888888888889
18840,61.955555555555556
18850,61.88888888888889
18860,59.60833333333333
18870,59.538888888888884
18880,58.66388888888889
18890,56.83611111111111
18900,56.28333333333333
18910,55.00833333333334
18920,53.75833333333333
18930,53.73055555555556
18940,52.49166666666667
18950,51.61944444444444
18960,51.37777777777778
18970,73.15040650406503
18980,74.66003316749585
18990,74.37083333333334
19000,72.98333333333333
19010,72.65416666666667
19020,72.60416666666667
19030,71.60833333333333
19040,70.41666666666667
19050,71.95
19060,71.50416666666666
19070,71.20416666666667
19080,73.25833333333334
19090,73.9
19100,74.7375
19110,77.79583333333333
19120,78.99583333333334
19130,80.31666666666666
19140,56.161111111111104
19150,57.63333333333334
19160,59.98611111111111
19170,64.06666666666668
19180,67.08333333333333
19190,69.23611111111111
19200,74.34166666666667
19210,76.14444444444445
19220,78.16944444444445
19230,81.50833333333334
19240,62.20833333333333
19250,63.27083333333333
19260,64.38541666666666
19270,66.12916666666668
19280,65.37083333333334
19290,66.02708333333334
19300,66.33958333333332
19310,65.77291666666667
19320,66.1875
19330,67.39583333333333
19340,67.51666666666667
19350,68.08541666666666
19360,68.34166666666667
19370,67.99583333333334
19380,68.53958333333333
19390,68.4625
19400,69.77708333333334
19410,69.625
19420,69.70625
19430,70.19791666666667
19440,70.22916666666667
19450,70.68541666666667
19460,69.18125
19470,69.12708333333333
19480,68.19583333333334
19490,67.56041666666667
19500,67.52916666666667
19510,67.24166666666666
19520,66.975
19530,67.56458333333333
19540,67.55416666666667
19550,66.55208333333333
19560,67.19791666666667
19570,67.82708333333333
19580,68.60833333333333
19590,67.30000000000001
19600,67.42708333333334
19610,68.85416666666667
19620,67.81875000000001
19630,67.99166666666666
19640,67.29166666666667
19650,67.60208333333333
19660,67.41875
19670,67.88958333333333
19680,67.025
19690,68.55833333333334
19700,69.06875
19710,69.83125
19720,69.43541666666667
19730,70.65208333333334
19740,69.95416666666667
19750,69.56666666666666
19760,71.15416666666667
19770,71.10416666666667
19780,70.93333333333334
19790,71.07708333333333
19800,69.67083333333333
19810,70.71666666666667
19820,70.5875
19830,70.60416666666667
19840,69.12916666666666
19850,70.57083333333334
19860,70.3875
19870,69.72500000000001
19880,68.84166666666667
19890,68.63125
19900,70.09791666666668
19910,67.87708333333333
19920,68.3625
19930,67.35208333333334
19940,66.88958333333333
19950,66.92916666666666
19960,65.85833333333333
19970,65.36666666666666
19980,65.46041666666666
19990,65.04791666666667
20000,63.00208333333334
20010,62.97083333333333
20020,62.697916666666664
20030,60.68541666666667
20040,61.40208333333334
20050,61.40208333333334
20060,58.943749999999994
20070,60.0
20080,78.88797814207649
20090,78.29180509413067
20100,77.27777777777777
20110,76.53888888888889
20120,76.28333333333333
20130,76.25277777777778
20140,73.63333333333333
20150,74.39722222222223
20160,72.27222222222223
20170,71.90277777777779
20180,69.93333333333334
20190,70.76388888888889
20200,70.14444444444445
20210,69.22500000000001
20220,68.23611111111111
20230,67.23611111111111
20240,65.51944444444445
20250,65.39444444444445
20260,64.5111111111111
20270,63.17777777777778
20280,62.897222222222226
20290,61.88333333333333
20300,60.07222222222223
20310,60.477777777777774
20320,59.38333333333333
20330,57.59166666666666
20340,58.12500000000001
20350,56.30833333333334
20360,54.63333333333333
20370,54.90833333333334
20380,53.40833333333334
20390,52.02777777777777
20400,51.675000000000004
20410,50.49722222222223
20420,71.6951219512195
20430,73.9759535655058
20440,72.12916666666666
20450,72.075
20460,70.82916666666667
20470,70.325
20480,69.22083333333333
20490,68.94166666666666
20500,68.43333333333334
20510,67.39166666666667
20520,68.60833333333333
20530,67.3125
20540,66.97083333333333
20550,70.59583333333333
20560,70.67083333333333
20570,70.27083333333334
20580,72.98750000000001
20590,73.37083333333332
20600,74.72916666666667
20610,77.71249999999999
20620,78.96666666666667
20630,80.76666666666667
20640,59.772222222222226
20650,62.041666666666664
20660,65.05555555555556
20670,67.26666666666667
20680,69.78888888888889
20690,72.30555555555556
20700,76.48055555555555
20710,79.05833333333334
20720,81.16111111111111
20730,61.864583333333336
20740,64.62916666666668
20750,63.31250000000001
20760,64.04791666666667
20770,63.758333333333326
20780,64.23333333333333
20790,65.43958333333333
20800,64.97083333333333
20810,65.38541666666666
20820,66.83958333333334
20830,66.72083333333333
20840,67.79166666666666
20850,68.125
20860,68.01458333333333
20870,68.29791666666667
20880,67.49583333333334
20890,68.09166666666667
20900,68.50416666666666
20910,68.0625
20920,66.8
20930,66.0125
20940,64.76458333333333
20950,64.35
20960,63.93541666666667
20970,65.36874999999999
20980,64.10208333333334
20990,65.22083333333333
21000,67.27708333333334
21010,67.09791666666666
21020,66.30208333333333
21030,66.47708333333333
21040,67.67708333333333
21050,67.42916666666666
21060,67.04791666666667
21070,66.85624999999999
21080,67.73125
21090,67.11875
21100,66.4625
21110,66.93333333333334
21120,66.50416666666666
21130,67.58541666666666
21140,68.49374999999999
21150,67.47083333333333
21160,68.75208333333333
21170,68.46666666666667
21180,68.4625
21190,68.63333333333334
21200,69.68124999999999
21210,69.49375
21220,69.99791666666667
21230,70.23541666666667
21240,69.88958333333333
21250,70.95416666666667
21260,70.49583333333334
21270,70.01458333333333
21280,70.68958333333333
21290,70.63541666666666
21300,69.49583333333334
21310,69.80208333333333
21320,69.45
21330,67.875
21340,68.5125
21350,67.37708333333333
21360,68.18958333333333
21370,66.9
21380,66.03125
21390,67.45625
21400,66.72708333333334
21410,65.50416666666666
21420,65.07083333333334
21430,65.23333333333333
21440,64.20208333333333
21450,64.7875
21460,63.97083333333333
21470,62.78958333333333
21480,61.47291666666666
21490,61.86666666666667
21500,61.31666666666666
21510,61.981249999999996
21520,62.55208333333333
21530,60.70416666666667
21540,59.12500000000001
21550,58.81041666666667
21560,75.13387978142076
21570,75.99944629014396
21580,72.63333333333334
21590,73.39722222222223
21600,71.33888888888889
21610,71.46111111111111
21620,69.90555555555555
21630,69.98055555555555
21640,67.71388888888889
21650,66.16388888888889
21660,65.28611111111111
21670,63.027777777777786
21680,60.93333333333333
21690,60.00833333333333
21700,58.19166666666666
21710,57.90555555555555
21720,57.03333333333334
21730,56.275
21740,54.11388888888888
21750,52.86388888888889
21760,52.275000000000006
21770,50.525
21780,74.34146341463415
21790,76.20232172470979
21800,73.0375
21810,74.625
21820,72.35833333333333
21830,71.78333333333333
21840,71.40833333333333
21850,69.85
21860,69.38333333333333
21870,68.60833333333333
21880,67.575
21890,68.74583333333332
21900,68.14166666666667
21910,67.39583333333333
21920,68.59166666666667
21930,68.9375
21940,69.40833333333333
21950,71.39583333333334
21960,74.4875
21970,76.50833333333334
21980,79.44166666666666
21990,83.8625
22000,59.516666666666666
22010,62.51388888888889
22020,68.36944444444445
22030,73.59444444444443
22040,78.59722222222221
22050,84.43888888888888
22060,65.87291666666667
22070,67.15208333333334
22080,69.83958333333334
22090,70.55624999999999
22100,70.24166666666667
22110,69.89166666666667
22120,70.79166666666666
22130,71.08541666666667
22140,70.92083333333333
22150,71.04791666666667
22160,72.47916666666666
22170,72.14166666666667
22180,71.80208333333333
22190,72.40625
22200,74.03541666666666
22210,71.98541666666667
22220,72.88958333333333
22230,73.49791666666667
22240,73.21666666666667
22250,73.66875
22260,73.7
22270,73.625
22280,72.97708333333334
22290,72.39166666666667
22300,71.99166666666666
22310,72.17083333333333
22320,73.08125
22330,73.04375
22340,73.35416666666667
22350,73.43958333333333
22360,73.01041666666667
22370,71.27916666666667
22380,72.74374999999999
22390,72.17083333333333
22400,71.39999999999999
22410,72.81458333333333
22420,72.28958333333333
22430,73.19791666666666
22440,74.73333333333333
22450,74.11458333333333
22460,73.19583333333334
22470,73.60416666666667
22480,73.75208333333333
22490,72.42916666666666
22500,73.32708333333333
22510,73.3
22520,73.87291666666667
22530,73.80416666666667
22540,75.0625
22550,73.8375
22560,74.89583333333333
22570,74.92291666666667
22580,75.36874999999999
22590,76.29166666666667
22600,75.50833333333333
22610,75.70416666666667
22620,76.8
22630,78.08541666666666
22640,77.37708333333333
22650,79.67083333333333
22660,78.10208333333334
22670,77.96875
22680,78.35833333333333
22690,79.28958333333334
22700,78.83333333333333
22710,79.925
22720,78.23125
22730,78.21875
22740,77.73541666666667
22750,76.21666666666667
22760,75.0375
22770,74.6
22780,72.65
22790,71.95416666666667
22800,71.49583333333334
22810,69.39375
22820,69.17916666666667
22830,69.33333333333334
22840,69.65416666666667
22850,67.60208333333333
22860,67.55
22870,68.29583333333333
22880,66.33958333333332
22890,65.76458333333333
22900,65.78125
22910,63.977083333333326
22920,63.59166666666667
22930,62.65625
22940,62.05208333333333
22950,60.697916666666664
22960,61.108333333333334
22970,59.49583333333334
22980,58.762499999999996
22990,75.98360655737704
23000,76.56699889258029
23010,75.52777777777779
23020,74.83611111111111
23030,74.50833333333333
23040,0.005555555555555556
23050,0.005555555555555556
23060,0.004065040650406504
23070,0.008291873963515755
23080,0.007936507936507936
23090,0.00825082508250825
23100,0.008333333333333333
23110,0.008333333333333333
23120,0.016666666666666666
23130,0.016666666666666666
23140,0.008333333333333333
23150,0.016666666666666666
23160,0.016666666666666666
23170,0.016666666666666666
23180,0.008333333333333333
23190,0.008333333333333333
23200,0.008333333333333333
23210,0.008333333333333333
23220,0.008333333333333333
23230,0.008333333333333333
23240,0.008333333333333333
23250,0.008333333333333333
23260,0.008333333333333333
23270,0.008333333333333333
23280,0.008333333333333333
23290,0.008333333333333333
23300,0.008333333333333333
23310,0.008333333333333333
23320,0.008333333333333333
23330,0.008333333333333333
23340,0.008333333333333333
23350,0.008333333333333333
23360,0.008333333333333333
23370,0.008333333333333333
23380,0.008333333333333333
23390,0.016666666666666666
23400,0.008333333333333333
23410,0.008333333333333333
23420,0.016666666666666666
23430,0.016666666666666666
23440,0.008333333333333333
23450,0.016666666666666666
23460,0.016666666666666666
23470,0.016666666666666666
23480,0.016666666666666666
23490,0.016666666666666666
23500,0.016666666666666666
23510,0.025
23520,0.016666666666666666
23530,0.016666666666666666
23540,0.025
23550,0.025
23560,0.016666666666666666
23570,0.025
23580,0.025
23590,0.025
23600,0.025
23610,0.025
23620,0.025
23630,0.03333333333333333
23640,0.025
23650,0.025
23660,0.025
23670,0.016666666666666666
23680,0.016666666666666666
23690,0.025
23700,0.025
23710,0.016666666666666666
23720,0.025
23730,0.025
23740,0.025
23750,0.025
23760,0.016666666666666666
23770,0.025
23780,0.016666666666666666
23790,0.025
23800,0.016666666666666666
23810,0.016666666666666666
23820,0.025
23830,0.016666666666666666
23840,0.025
23850,0.025
23860,0.025
23870,0.025
23880,0.025
23890,0.025
23900,0.025
23910,0.025
23920,0.025
23930,0.025
23940,0.025
23950,0.025
23960,0.025
23970,0.03333333333333333
23980,0.03333333333333333
23990,0.025
24000,0.03333333333333333
24010,0.03333333333333333
24020,0.025
24030,0.025
24040,0.025
24050,0.03333333333333333
24060,0.03333333333333333
24070,0.03333333333333333
24080,0.04166666666666667
24090,0.03333333333333333
24100,0.03333333333333333
24110,0.03333333333333333
24120,0.03333333333333333
24130,0.03333333333333333
24140,0.03333333333333333
24150,0.03333333333333333
24160,0.025
24170,0.03333333333333333
24180,0.03333333333333333
24190,0.025
24200,0.025
24210,0.03333333333333333
24220,0.025
24230,0.025
24240,0.025
24250,0.025
24260,0.025
24270,0.025
24280,0.03333333333333333
24290,0.025
24300,0.025
24310,0.025
24320,0.025
24330,0.03333333333333333
24340,0.025
24350,0.025
24360,0.025
24370,0.025
24380,0.025
24390,0.025
24400,0.025
24410,0.016666666666666666
24420,0.025
24430,0.016666666666666666
24440,0.025
24450,0.016666666666666666
24460,0.016666666666666666
24470,0.016666666666666666
24480,100.0
24490,100.0
24500,70.475
24510,70.51388888888889
24520,69.0611111111111
24530,50.354166666666664
24540,50.175000000000004
24550,48.47708333333333
24560,47.46875
24570,46.637499999999996
24580,45.09166666666667
24590,58.08196721311475
24600,58.40531561461793
24610,58.31944444444444
24620,56.261111111111106
24630,55.57222222222222
24640,54.89166666666667
24650,53.53333333333333
24660,52.166666666666664
24670,52.78333333333334
24680,51.275000000000006
24690,74.48373983739837
24700,76.38888888888889
24710,73.86666666666667
24720,75.34583333333333
24730,72.45
24740,71.58333333333333
24750,72.50833333333333
24760,71.90416666666667
24770,70.42916666666666
24780,72.6875
24790,72.16666666666667
24800,72.1125
24810,74.68333333333334
24820,74.09583333333333
24830,75.42916666666667
24840,78.7625
24850,80.35416666666667
24860,82.62916666666666
24870,87.33333333333333
24880,61.572222222222216
24890,64.91944444444444
24900,70.20555555555555
24910,75.03055555555555
24920,78.97222222222223
24930,83.79444444444445
24940,87.91666666666667
24950,66.02916666666667
24960,68.7375
24970,67.70208333333333
24980,68.45833333333333
24990,70.85625
25000,69.82708333333333
25010,71.18124999999999
25020,72.775
25030,71.32708333333333
25040,71.38333333333333
25050,70.42083333333333
25060,71.51875
25070,70.39791666666667
25080,72.58125
25090,71.06458333333333
25100,71.19791666666667
25110,71.59583333333333
25120,71.04166666666667
25130,71.16666666666667
25140,71.76041666666667
25150,69.99375
25160,71.35416666666666
25170,71.83541666666666
25180,70.30625
25190,70.91041666666666
25200,72.22083333333333
25210,70.63958333333333
25220,70.21875
25230,71.08125
25240,70.28958333333334
25250,69.56875
25260,70.29583333333333
25270,70.14166666666667
25280,70.91041666666666
25290,72.72083333333333
25300,71.45625
25310,73.05625
25320,73.58541666666667
25330,72.12291666666667
25340,72.87291666666667
25350,72.50625000000001
25360,73.29583333333333
25370,72.91666666666666
25380,73.11041666666667
25390,72.425
25400,72.26458333333333
25410,73.55416666666666
25420,74.40833333333333
25430,73.24166666666667
25440,73.18124999999999
25450,74.02499999999999
25460,73.95833333333334
25470,75.3125
25480,74.6875
25490,74.50208333333333
25500,76.62916666666668
25510,75.46666666666667
25520,76.4875
25530,78.0
25540,77.71666666666667
25550,77.08541666666666
25560,77.825
25570,77.79583333333333
25580,76.89791666666666
25590,77.0625
25600,76.95833333333333
25610,77.00833333333334
25620,76.39791666666666
25630,75.94791666666667
25640,73.78958333333333
25650,73.26041666666666
25660,72.88333333333334
25670,71.09583333333333
25680,70.31666666666668
25690,69.85208333333334
25700,70.20208333333333
25710,69.56041666666667
25720,68.9625
25730,66.67083333333333
25740,67.77499999999999
25750,66.30416666666666
25760,66.55833333333334
25770,64.94166666666666
25780,65.30625
25790,64.2875
25800,63.28333333333334
25810,62.475
25820,60.49791666666666
25830,60.72291666666667
25840,60.79375
25850,58.97708333333333
25860,58.318749999999994
25870,76.83879781420765
25880,75.49003322259136
25890,74.85277777777777
25900,74.67777777777778
25910,72.15555555555555
25920,73.50833333333333
25930,71.33333333333334
25940,70.12222222222222
25950,71.18055555555556
25960,69.03055555555555
25970,67.53888888888889
25980,68.05833333333334
25990,66.94166666666666
26000,64.9
26010,63.336111111111116
26020,62.80555555555556
26030,60.483333333333334
26040,60.21666666666666
26050,58.69444444444445
26060,57.83888888888888
26070,57.18888888888889
26080,55.90277777777778
26090,53.90277777777778
26100,54.025
26110,53.04444444444445
26120,51.88055555555555
26130,54.25833333333333
26140,51.041666666666664
26150,50.68611111111111
26160,74.34959349593497
26170,74.11276948590381
26180,74.35833333333333
26190,74.84166666666667
26200,72.875
26210,73.8125
26220,74.08749999999999
26230,72.55833333333334
26240,73.8
26250,76.09166666666667
26260,76.7625
26270,76.64999999999999
26280,80.7875
26290,83.28750000000001
26300,56.65277777777777
26310,59.86666666666667
26320,62.53333333333333
26330,65.57222222222222
26340,72.12777777777778
26350,76.22777777777779
26360,80.95555555555556
26370,85.26388888888889
26380,65.37291666666667
26390,65.83958333333332
26400,69.76666666666667
26410,69.13541666666667
26420,69.70416666666667
26430,71.40208333333334
26440,71.41458333333334
26450,72.61458333333334
26460,73.05625
26470,72.51458333333333
26480,72.68124999999999
26490,73.24374999999999
26500,72.64791666666667
26510,72.76875000000001
26520,73.76666666666667
26530,73.77291666666666
26540,74.09583333333333
26550,74.5
26560,73.87083333333334
26570,74.17083333333333
26580,73.86041666666667
26590,72.70833333333333
26600,73.82708333333333
26610,74.17291666666667
26620,73.73958333333334
26630,74.46249999999999
26640,73.87916666666666
26650,72.96041666666667
26660,73.26666666666667
26670,74.11666666666666
26680,73.08541666666667
26690,73.19791666666666
26700,72.79166666666667
26710,73.24791666666667
26720,73.04583333333333
26730,73.32083333333334
26740,72.94166666666668
26750,72.72291666666668
26760,75.26041666666666
26770,74.19375000000001
26780,74.76666666666667
26790,74.44791666666667
26800,74.52083333333334
26810,73.52916666666667
26820,74.54166666666666
26830,74.72083333333333
26840,74.95833333333334
26850,76.49583333333332
26860,75.27083333333333
26870,74.18125
26880,74.85416666666667
26890,75.4875
26900,76.00416666666666
26910,75.97500000000001
26920,77.15208333333334
26930,77.20208333333333
26940,77.33333333333333
26950,77.19791666666667
26960,77.91458333333333
26970,78.79166666666667
26980,79.34791666666666
26990,78.56041666666667
27000,78.67083333333333
27010,79.07916666666667
27020,80.68958333333333
27030,80.15625
27040,78.58125
27050,78.75625000000001
27060,80.20625
27070,78.74583333333334
27080,77.88125000000001
27090,77.23124999999999
27100,76.27916666666667
27110,74.54166666666666
27120,73.50625
27130,72.70833333333333
27140,71.65
27150,71.9375
27160,70.67291666666667
27170,69.13125
27180,68.03333333333333
27190,68.5125
27200,66.65208333333334
27210,67.21875
27220,65.39583333333333
27230,64.87708333333333
27240,64.40625
27250,63.9625
27260,61.45208333333333
27270,61.456250000000004
27280,60.73125
27290,59.975
27300,59.08541666666667
27310,76.56830601092896
27320,75.41251384274639
27330,74.3861111111111
27340,73.40555555555555
27350,72.79444444444444
27360,73.07777777777777
27370,70.88055555555556
27380,71.85555555555555
27390,71.23611111111111
27400,68.76944444444445
27410,68.12777777777778
27420,68.1388888888889
27430,66.325
27440,65.56944444444444
27450,63.37777777777778
27460,62.75555555555555
27470,61.977777777777774
27480,60.62777777777778
27490,60.02777777777778
27500,58.15277777777778
27510,57.46111111111111
27520,56.544444444444444
27530,54.83611111111111
27540,54.94444444444444
27550,52.81666666666667
27560,52.76666666666666
27570,52.32222222222222
27580,51.72222222222223
27590,75.10975609756098
27600,76.47180762852405
27610,75.12083333333334
27620,74.47500000000001
27630,75.55
27640,72.99583333333334
27650,72.81666666666666
27660,73.4875
27670,73.04583333333333
27680,73.91250000000001
27690,74.64166666666667
27700,75.2625
27710,76.625
27720,79.25833333333333
27730,80.2875
27740,83.8
27750,59.24722222222222
27760,61.28888888888889
27770,64.76666666666667
27780,71.99166666666666
27790,75.93888888888888
27800,80.80555555555556
27810,85.89166666666667
27820,65.40208333333334
27830,66.65416666666667
27840,69.73958333333333
27850,69.62708333333333
27860,69.16458333333333
27870,70.91875
27880,70.95625
27890,71.53333333333333
27900,72.47916666666666
27910,72.49583333333334
27920,72.61041666666667
27930,72.0375
27940,73.1875
27950,72.8
27960,73.4875
27970,73.5375
27980,74.67083333333333
27990,74.94791666666667
28000,74.23333333333333
28010,75.18333333333334
28020,75.71875
28030,75.07708333333333
28040,74.57708333333333
28050,74.45625
28060,75.33958333333334
28070,73.13125000000001
28080,73.81666666666666
28090,74.175
28100,75.12708333333333
28110,74.38541666666667
28120,74.5125
28130,73.76458333333333
28140,73.45208333333333
28150,74.38333333333334
28160,73.09375
28170,73.7375
28180,75.20625
28190,74.75625000000001
28200,75.91875
28210,76.04166666666666
28220,76.4375
28230,75.08333333333333
28240,74.96041666666666
28250,75.7375
28260,75.91458333333333
28270,77.12291666666667
28280,77.57291666666667
28290,77.09375
28300,78.025
28310,78.94583333333334
28320,78.02708333333334
28330,79.87083333333334
28340,78.28333333333333
28350,77.63958333333333
28360,79.00416666666666
28370,78.89166666666667
28380,78.28541666666666
28390,78.76875
28400,79.61666666666667
28410,80.74375
28420,80.89375
28430,79.56666666666666
28440,81.99166666666666
28450,64.50666666666666
28460,63.96333333333334
28470,64.21
28480,63.58833333333334
28490,63.25333333333333
28500,75.76131687242798
28510,76.66043225270158
28520,75.95625
28530,74.41458333333333
28540,73.84375
28550,73.23541666666667
28560,72.96041666666667
28570,71.95833333333333
28580,71.27291666666666
28590,72.20625000000001
28600,69.47291666666666
28610,69.05624999999999
28620,68.34375
28630,68.75625
28640,68.62083333333334
28650,66.25625000000001
28660,65.16458333333334
28670,65.29166666666667
28680,64.38125
28690,63.23125
28700,62.94791666666667
28710,61.804166666666674
28720,61.493750000000006
28730,60.99791666666666
28740,60.24791666666667
28750,59.550000000000004
28760,58.537499999999994
28770,76.95628415300546
28780,76.69435215946844
28790,75.55833333333334
28800,74.10277777777777
28810,73.41111111111111
28820,72.21388888888889
28830,71.15833333333333
28840,76.23611111111111
28850,69.08055555555556
28860,67.75
28870,67.35
28880,65.91944444444444
28890,64.31666666666666
28900,64.49166666666667
28910,63.58055555555555
28920,61.18333333333334
28930,60.09444444444444
28940,60.00833333333333
28950,58.425000000000004
28960,57.44722222222223
28970,57.25
28980,56.261111111111106
28990,55.26111111111112
29000,53.90277777777778
29010,53.25
29020,53.052777777777784
29030,52.2
29040,50.724999999999994
29050,73.65853658536585
29060,72.79436152570482
29070,72.90833333333333
29080,72.75
29090,71.32916666666667
29100,71.73333333333333
29110,69.9625
29120,70.44583333333333
29130,71.7125
29140,70.01666666666667
29150,69.52916666666667
29160,72.4375
29170,71.2375
29180,72.77083333333333
29190,75.08749999999999
29200,75.05
29210,77.60000000000001
29220,81.37916666666666
29230,82.625
29240,57.147222222222226
29250,61.71944444444445
29260,63.71944444444444
29270,66.23055555555555
29280,71.52777777777779
29290,73.94722222222222
29300,74.97500000000001
29310,78.87777777777778
29320,81.19166666666666
29330,61.8
29340,63.493750000000006
29350,64.33541666666667
29360,65.07916666666667
29370,64.96458333333334
29380,65.70208333333333
29390,66.17083333333333
29400,67.60833333333333
29410,68.34375
29420,69.04791666666667
29430,68.78333333333333
29440,69.5
29450,68.74375
29460,69.42083333333333
29470,70.09583333333333
29480,69.85625
29490,70.77291666666666
29500,69.69999999999999
29510,70.52708333333332
29520,70.54166666666667
29530,69.69999999999999
29540,68.77916666666667
29550,68.18125
29560,68.82916666666667
29570,67.43541666666667
29580,66.55416666666667
29590,66.48125
29600,65.51041666666667
29610,66.94791666666666
29620,66.925
29630,66.91875
29640,66.4875
29650,66.29791666666667
29660,67.59375
29670,68.02916666666667
29680,67.08125
29690,66.84166666666667
29700,67.93541666666667
29710,68.77291666666666
29720,69.33333333333334
29730,69.175
29740,69.48333333333333
29750,70.16875
29760,70.56041666666667
29770,70.42708333333333
29780,70.93125
29790,70.43125
29800,71.80625
29810,71.20208333333333
29820,72.27708333333334
29830,71.90625
29840,71.96041666666667
29850,72.275
29860,71.66875
29870,71.7125
29880,71.7
29890,70.18958333333333
29900,71.99166666666666
29910,70.55
29920,70.12083333333334
29930,71.42291666666667
29940,70.96041666666667
29950,69.875
29960,69.58958333333334
29970,69.05833333333334
29980,68.92708333333334
29990,68.26875
30000,67.95833333333333
30010,67.63333333333334
30020,66.44375
30030,67.58125
30040,66.98333333333333
30050,66.14999999999999
30060,65.96458333333334
30070,64.66041666666666
30080,63.88333333333334
30090,63.78125
30100,62.74791666666667
30110,61.87916666666666
30120,62.168749999999996
30130,60.51458333333334
30140,60.454166666666666
30150,59.77708333333334
30160,60.00833333333333
30170,78.48907103825137
30180,79.52380952380952
30190,79.41111111111111
30200,77.07777777777778
30210,76.43055555555556
30220,76.30277777777778
30230,76.89166666666667
30240,75.50833333333333
30250,73.99444444444444
30260,72.90833333333333
30270,73.24444444444444
30280,70.91388888888889
30290,69.99444444444445
30300,69.69722222222222
30310,66.95555555555556
30320,66.225
30330,64.68055555555556
30340,63.0
30350,61.52777777777778
30360,61.00833333333333
30370,59.138888888888886
30380,58.5
30390,58.11388888888889
30400,55.81388888888888
30410,54.65555555555556
30420,54.647222222222226
30430,52.388888888888886
30440,51.9
30450,51.349999999999994
30460,72.80487804878048
30470,73.32918739635159
30480,72.37083333333332
30490,70.21666666666667
30500,68.85416666666667
30510,68.32083333333333
30520,67.02083333333333
30530,65.875
30540,67.06666666666666
30550,64.85833333333333
30560,64.74583333333334
30570,64.71249999999999
30580,63.475
30590,63.208333333333336
30600,64.59583333333333
30610,63.40833333333333
30620,64.1
30630,65.74166666666666
30640,65.9625
30650,66.25416666666666
30660,67.55
30670,68.73333333333333
30680,70.08333333333333
30690,72.11666666666666
30700,73.94166666666668
30710,74.98333333333333
30720,84.4125
30730,57.74722222222223
30740,60.09722222222222
30750,64.48055555555555
30760,65.48888888888888
30770,68.125
30780,71.01111111111112
30790,73.43055555555556
30800,75.45833333333334
30810,78.40833333333333
30820,81.79722222222222
30830,62.35625
30840,63.195833333333326
30850,64.075
30860,65.62083333333332
30870,66.78958333333334
30880,66.2875
30890,67.78125
30900,68.84166666666667
30910,68.1125
30920,69.22291666666666
30930,68.96666666666667
30940,68.7375
30950,68.50625000000001
30960,69.61874999999999
30970,69.10208333333333
30980,68.90416666666667
30990,68.93958333333333
31000,66.64999999999999
31010,66.77708333333334
31020,67.13125
31030,65.34791666666668
31040,65.79166666666667
31050,65.78958333333334
31060,65.35416666666667
31070,64.76666666666667
31080,66.06458333333333
31090,65.68125
31100,66.37291666666667
31110,66.60833333333333
31120,66.96041666666666
31130,66.99583333333334
31140,66.82291666666667
31150,67.64166666666667
31160,66.70625
31170,66.6125
31180,66.17916666666666
31190,68.07083333333334
31200,68.2625
31210,67.98125
31220,68.7125
31230,67.59166666666667
31240,69.17708333333333
31250,69.10833333333333
31260,69.23125
31270,68.79791666666667
31280,69.91041666666666
31290,69.1875
31300,68.75625
31310,68.30625
31320,69.48333333333333
31330,68.2625
31340,68.80416666666666
31350,68.98333333333333
31360,69.88333333333333
31370,69.43958333333333
31380,69.43541666666667
31390,69.4125
31400,69.32708333333333
31410,70.6
31420,68.13125
31430,66.91666666666667
31440,68.64791666666666
31450,67.35833333333333
31460,66.64791666666666
31470,65.9625
31480,65.22083333333333
31490,64.75416666666666
31500,66.02083333333333
31510,65.74583333333334
31520,64.01041666666667
31530,64.33541666666667
31540,64.39375000000001
31550,62.61666666666667
31560,62.94166666666666
31570,61.78125
31580,60.78958333333333
31590,61.55208333333333
31600,63.3625
31610,61.70625
31620,61.33541666666667
31630,60.4
31640,58.677083333333336
31650,58.8875
31660,74.60382513661202
31670,75.06367663344408
31680,0.005555555555555556
31690,0.005555555555555556
31700,0.008130081300813007
31710,0.008291873963515755
31720,0.015873015873015872
31730,0.00825082508250825
31740,0.008333333333333333
31750,0.008333333333333333
31760,0.008333333333333333
31770,0.008333333333333333
31780,0.008333333333333333
31790,0.008333333333333333
31800,0.008333333333333333
31810,0.008333333333333333
31820,0.008333333333333333
31830,0.008333333333333333
31840,0.008333333333333333
31850,0.008333333333333333
31860,0.008333333333333333
31870,0.008333333333333333
31880,0.008333333333333333
31890,0.008333333333333333
31900,0.008333333333333333
31910,0.008333333333333333
31920,0.008333333333333333
31930,0.008333333333333333
31940,0.008333333333333333
31950,0.008333333333333333
31960,0.008333333333333333
31970,0.008333333333333333
31980,0.008333333333333333
31990,0.008333333333333333
32000,0.008333333333333333
32010,0.008333333333333333
32020,0.008333333333333333
32030,0.016666666666666666
32040,0.016666666666666666
32050,0.016666666666666666
32060,0.008333333333333333
32070,0.008333333333333333
32080,0.008333333333333333
32090,0.008333333333333333
32100,0.008333333333333333
32110,0.008333333333333333
32120,0.016666666666666666
32130,0.016666666666666666
32140,0.016666666666666666
32150,0.016666666666666666
32160,0.016666666666666666
32170,0.016666666666666666
32180,0.016666666666666666
32190,0.016666666666666666
32200,0.025
32210,0.025
32220,0.025
32230,0.025
32240,0.016666666666666666
32250,0.025
32260,0.025
32270,0.025
32280,0.025
32290,0.025
32300,0.025
32310,0.025
32320,0.025
32330,0.025
32340,0.025
32350,0.025
32360,0.025
32370,0.025
32380,0.025
32390,0.025
32400,0.025
32410,0.03333333333333333
32420,0.025
32430,0.025
32440,0.016666666666666666
32450,0.025
32460,0.025
32470,0.025
32480,0.025
32490,0.016666666666666666
32500,0.03333333333333333
32510,0.025
32520,0.025
32530,0.025
32540,0.025
32550,0.016666666666666666
32560,0.025
32570,0.025
32580,0.025
32590,0.025
32600,0.025
32610,0.025
32620,0.025
32630,0.025
32640,0.025
32650,0.025
32660,0.025
32670,0.025
32680,0.025
32690,0.03333333333333333
32700,0.03333333333333333
32710,0.025
32720,0.025
32730,0.025
32740,0.03333333333333333
32750,0.03333333333333333
32760,0.025
32770,0.025
32780,0.025
32790,0.025
32800,0.025
32810,0.025
32820,0.025
32830,0.025
32840,0.025
32850,0.025
32860,0.016666666666666666
32870,0.025
32880,0.025
32890,0.025
32900,0.025
32910,0.025
32920,0.025
32930,0.016666666666666666
32940,0.016666666666666666
32950,0.016666666666666666
32960,0.025
32970,0.016666666666666666
32980,0.016666666666666666
32990,0.016666666666666666
33000,0.016666666666666666
33010,0.016666666666666666
33020,0.016666666666666666
33030,0.016666666666666666
33040,0.016666666666666666
33050,0.016666666666666666
33060,0.016666666666666666
33070,0.016666666666666666
33080,0.016666666666666666
33090,0.016666666666666666
33100,0.016666666666666666
33110,0.016666666666666666
33120,100.0
33130,100.0
33140,68.31111111111112
33150,66.78611111111111
33160,64.35833333333333
33170,62.50277777777777
33180,61.37777777777777
33190,58.666666666666664
33200,56.65555555555556
33210,55.90833333333334
33220,54.07777777777778
33230,51.980555555555554
33240,51.955555555555556
33250,49.38055555555555
33260,49.0
33270,47.55277777777778
33280,46.15277777777778
33290,45.13333333333333
33300,67.34146341463415
33310,65.73383084577115
33320,64.38333333333334
33330,64.82083333333334
33340,61.58749999999999
33350,62.72916666666667
33360,61.00416666666667
33370,58.37083333333334
33380,58.70833333333333
33390,58.7375
33400,56.616666666666674
33410,57.170833333333334
33420,58.4125
33430,56.55
33440,57.666666666666664
33450,59.416666666666664
33460,58.099999999999994
33470,58.9
33480,61.287499999999994
33490,60.68750000000001
33500,62.72916666666667
33510,66.10416666666666
33520,67.65833333333333
33530,70.5125
33540,75.175
33550,75.7125
33560,80.61666666666667
33570,87.60416666666667
33580,60.93055555555556
33590,63.95833333333333
33600,71.39166666666667
33610,72.93055555555556
33620,75.66666666666667
33630,78.07777777777778
33640,80.83333333333333
33650,81.28055555555555
33660,64.04375
33670,64.72083333333333
33680,65.3375
33690,67.0875
33700,67.7875
33710,69.17916666666667
33720,70.18333333333334
33730,70.67291666666667
33740,72.63333333333334
33750,71.80833333333332
33760,72.51666666666667
33770,72.5125
33780,73.70208333333333
33790,73.02499999999999
33800,71.9375
33810,73.30416666666667
33820,72.81041666666667
33830,73.14583333333333
33840,75.0375
33850,73.90833333333333
33860,73.5375
33870,72.58333333333333
33880,72.97083333333333
33890,71.58125
33900,71.17083333333333
33910,70.20625
33920,70.07291666666666
33930,71.02291666666667
33940,71.08333333333333
33950,70.31458333333333
33960,72.10625
33970,72.60208333333334
33980,72.6375
33990,72.82708333333333
34000,71.62291666666667
34010,71.77916666666667
34020,74.25625
34030,72.7
34040,73.96875
34050,74.33333333333333
34060,72.79583333333333
34070,73.25833333333334
34080,74.07291666666667
34090,75.06666666666668
34100,74.18125
34110,74.91666666666667
34120,75.67083333333333
34130,75.88125
34140,76.82708333333333
34150,75.64375
34160,76.03750000000001
34170,75.18541666666667
34180,76.67083333333333
34190,75.28125
34200,74.9625
34210,74.44791666666667
34220,75.78958333333333
34230,74.52708333333334
34240,75.10833333333333
34250,76.075
34260,77.21041666666667
34270,75.71666666666667
34280,75.75416666666666
34290,75.35625
34300,75.93541666666667
34310,74.21666666666667
34320,72.96249999999999
34330,72.42916666666666
34340,71.45
34350,71.74791666666667
34360,70.25625
34370,68.59791666666666
34380,69.07291666666666
34390,69.79791666666667
34400,68.50833333333334
34410,68.66250000000001
34420,68.35208333333334
34430,68.36666666666666
34440,68.22708333333334
34450,67.95416666666667
34460,67.97708333333333
34470,67.92291666666667
34480,67.71249999999999
34490,67.39166666666667
34500,66.725
34510,66.175
34520,65.77291666666667
34530,66.10000000000001
34540,65.52916666666667
34550,64.34583333333333
34560,68.77083333333334
34570,65.58125
34580,63.24791666666667
34590,61.8625
34600,59.59583333333334
34610,57.27916666666667
34620,56.547916666666666
34630,55.17291666666667
34640,69.53551912568307
34650,69.23864894795128
34660,65.86111111111111
34670,61.96944444444444
34680,60.36944444444444
34690,57.30555555555556
34700,54.641666666666666
34710,53.522222222222226
34720,50.144444444444446
34730,48.483333333333334
34740,70.20325203252033
34750,67.6865671641791
34760,66.80833333333334
34770,67.27083333333333
34780,62.4625
34790,61.94166666666666
34800,62.0625
34810,58.36666666666667
34820,57.85
34830,58.204166666666666
34840,55.537499999999994
34850,57.21666666666667
34860,56.92916666666667
34870,54.19166666666667
34880,56.52916666666666
34890,55.55833333333333
34900,53.645833333333336
34910,54.67916666666667
34920,55.400000000000006
34930,54.766666666666666
34940,55.395833333333336
34950,55.925000000000004
34960,55.85
34970,57.362500000000004
34980,58.18333333333333
34990,58.679166666666674
35000,60.17083333333333
35010,64.09166666666667
35020,63.72083333333334
35030,66.55
35040,73.47916666666666
35050,75.4375
35060,79.475
35070,84.96666666666667
35080,59.40555555555556
35090,63.56944444444444
35100,69.86944444444444
35110,73.53333333333333
35120,78.16388888888889
35130,84.09722222222223
35140,65.94791666666666
35150,69.26666666666667
35160,72.58958333333332
35170,73.63958333333333
35180,75.52916666666667
35190,78.09166666666667
35200,78.42916666666667
35210,80.23958333333333
35220,64.39833333333334
35230,65.72833333333334
35240,66.62833333333333
35250,65.96833333333333
35260,67.33
35270,66.56333333333333
35280,66.99000000000001
35290,67.29333333333334
35300,67.00666666666667
35310,66.14999999999999
35320,64.42999999999999
35330,63.34333333333333
35340,61.611666666666665
35350,71.98353909465021
35360,71.83915211970074
35370,70.675
35380,68.11041666666667
35390,67.77499999999999
35400,68.01458333333333
35410,67.24791666666667
35420,67.52083333333333
35430,67.66041666666666
35440,68.37291666666667
35450,69.11458333333333
35460,70.23333333333333
35470,69.97916666666667
35480,70.24583333333332
35490,70.93958333333333
35500,71.05
35510,70.90625
35520,71.05833333333334
35530,71.44791666666667
35540,72.01458333333333
35550,72.50625000000001
35560,73.23125
35570,72.74791666666667
35580,73.7125
35590,74.16458333333334
35600,73.76666666666667
35610,75.38333333333334
35620,74.60208333333334
35630,73.88125
35640,73.77916666666667
35650,74.23541666666667
35660,73.7875
35670,75.25833333333334
35680,74.4375
35690,74.0375
35700,74.26875
35710,73.93541666666667
35720,73.80624999999999
35730,73.28125
35740,73.90416666666667
35750,72.53958333333334
35760,72.10625
35770,71.49166666666666
35780,69.98541666666667
35790,69.79791666666667
35800,69.95
35810,68.19791666666667
35820,68.75416666666668
35830,67.33749999999999
35840,66.9875
35850,67.21041666666666
35860,66.93541666666667
35870,65.00625
35880,64.45833333333333
35890,63.43541666666667
35900,63.38125
35910,62.133333333333326
35920,61.27291666666667
35930,60.75625
35940,60.19375
35950,59.358333333333334
35960,75.40163934426229
35970,74.21650055370985
35980,72.52222222222223
35990,71.57777777777777
36000,70.43888888888888
36010,66.60833333333333
36020,64.97777777777777
36030,62.59166666666667
36040,60.18333333333333
36050,57.50555555555555
36060,56.84444444444444
36070,54.294444444444444
36080,53.400000000000006
36090,52.39722222222222
36100,50.32222222222222
36110,72.03658536585365
36120,72.07296849087894
36130,68.9125
36140,69.75416666666666
36150,65.93333333333334
36160,64.47083333333333
36170,64.05416666666667
36180,61.19583333333334
36190,60.55833333333334
36200,59.545833333333334
36210,58.50416666666667
36220,57.60833333333333
36230,56.8125
36240,56.229166666666664
36250,55.795833333333334
36260,54.09166666666667
36270,54.37499999999999
36280,53.141666666666666
36290,52.99583333333333
36300,52.4625
36310,52.400000000000006
36320,52.31666666666667
36330,52.020833333333336
36340,51.84166666666666
36350,52.09166666666667
36360,52.85833333333333
36370,52.42083333333334
36380,52.84166666666666
36390,53.25
36400,53.8875
36410,53.80416666666667
36420,56.09166666666666
36430,56.38333333333333
36440,56.18333333333333
36450,58.62916666666666
36460,59.31666666666666
36470,60.00833333333333
36480,65.35833333333333
36490,67.22083333333333
36500,69.35416666666666
36510,72.15
36520,75.00833333333333
36530,76.87083333333334
36540,82.6
36550,57.03333333333334
36560,60.199999999999996
36570,62.61111111111111
36580,65.99166666666667
36590,69.06944444444446
36600,73.01111111111112
36610,74.38055555555556
36620,75.56666666666668
36630,80.29166666666666
36640,82.78888888888889
36650,63.543749999999996
36660,66.47291666666668
36670,66.51875000000001
36680,67.82916666666667
36690,69.33958333333334
36700,69.47708333333334
36710,69.6
36720,70.48333333333333
36730,70.59166666666667
36740,69.85625
36750,68.92291666666667
36760,67.29583333333333
36770,66.77083333333333
36780,65.79374999999999
36790,64.60416666666666
36800,63.543749999999996
36810,62.75625
36820,61.331250000000004
36830,62.09375
36840,63.366666666666674
36850,64.81666666666666
36860,65.08958333333334
36870,65.23958333333333
36880,65.10000000000001
36890,65.40208333333334
36900,66.23541666666667
36910,65.84375
36920,66.58125
36930,67.15416666666667
36940,67.01041666666666
36950,67.18125
36960,68.6875
36970,68.73958333333333
36980,68.96458333333332
36990,70.17291666666667
37000,68.80416666666666
37010,67.55208333333333
37020,69.30208333333333
37030,69.21458333333334
37040,68.45
37050,70.49791666666667
37060,69.72916666666666
37070,70.125
37080,68.3875
37090,68.83749999999999
37100,68.89791666666667
37110,70.34791666666666
37120,68.45208333333333
37130,69.74375
37140,68.75416666666668
37150,68.64166666666667
37160,68.00833333333334
37170,67.54583333333333
37180,66.8875
37190,65.29166666666667
37200,65.54375
37210,64.04583333333333
37220,65.08333333333334
37230,64.93958333333333
37240,64.53958333333333
37250,63.92916666666667
37260,63.65416666666667
37270,63.583333333333336
37280,62.21041666666667
37290,61.59583333333334
37300,60.943749999999994
37310,60.03958333333333
37320,59.76041666666667
37330,58.45625
37340,74.5464480874317
37350,75.90531561461795
37360,75.46666666666667
37370,73.75833333333334
37380,73.8138888888889
37390,73.72222222222223
37400,72.125
37410,71.76666666666667
37420,69.54166666666667
37430,67.73055555555555
37440,67.52777777777777
37450,63.95833333333333
37460,61.53611111111111
37470,60.26111111111111
37480,58.205555555555556
37490,56.794444444444444
37500,54.925000000000004
37510,53.33888888888889
37520,50.84166666666666
37530,49.91388888888889
37540,70.45528455284553
37550,69.22056384742952
37560,68.09583333333333
37570,64.4875
37580,64.51249999999999
37590,62.89583333333333
37600,58.987500000000004
37610,58.44166666666667
37620,57.25416666666666
37630,55.36666666666667
37640,54.83749999999999
37650,53.78333333333334
37660,54.383333333333326
37670,52.15833333333333
37680,51.50416666666666
37690,50.92916666666667
37700,50.1375
37710,49.52083333333333
37720,50.57083333333333
37730,49.475
37740,48.94166666666667
37750,50.0375
37760,49.141666666666666
37770,50.3
37780,51.35833333333333
37790,51.0625
37800,52.125
37810,53.79166666666667
37820,53.512499999999996
37830,55.6625
37840,58.729166666666664
37850,60.67916666666666
37860,62.0875
37870,65.82083333333333
37880,67.85833333333333
37890,72.5875
37900,76.6375
37910,79.7875
37920,90.1625
37930,64.57222222222222
37940,66.95833333333333
37950,70.83333333333334
37960,75.21944444444445
37970,76.50277777777778
37980,79.07777777777778
37990,59.7875
38000,60.59583333333334
38010,62.8
38020,64.64999999999999
38030,65.14999999999999
38040,65.69791666666667
38050,68.21249999999999
38060,67.49583333333334
38070,69.57291666666666
38080,68.60416666666667
38090,70.61458333333334
38100,69.64583333333333
38110,68.52916666666667
38120,70.16458333333333
38130,70.87291666666667
38140,70.4375
38150,69.87083333333334
38160,70.67708333333333
38170,69.90833333333333
38180,69.76875
38190,68.2875
38200,67.83333333333333
38210,66.97916666666667
38220,66.8
38230,66.81041666666667
38240,65.53125
38250,67.27291666666667
38260,66.45
38270,65.88541666666666
38280,66.63125
38290,66.17708333333333
38300,66.65416666666667
38310,67.25625
38320,66.45625
38330,67.33125
38340,67.62291666666667
38350,69.375
38360,67.58541666666666
38370,68.3125
38380,67.49374999999999
38390,69.05
38400,69.00833333333334
38410,67.85208333333334
38420,68.38541666666667
38430,68.42916666666666
38440,68.82916666666667
38450,68.01041666666666
38460,69.9625
38470,70.0
38480,68.36458333333333
38490,70.30625
38500,71.82291666666667
38510,69.825
38520,69.325
38530,69.79791666666667
38540,69.56666666666666
38550,69.58333333333333
38560,69.30833333333334
38570,68.18125
38580,68.72916666666666
38590,68.45833333333333
38600,67.22083333333333
38610,66.39791666666667
38620,65.68333333333334
38630,65.72083333333333
38640,65.09375
38650,65.03750000000001
38660,63.3625
38670,63.77916666666666
38680,64.08125
38690,63.83333333333333
38700,62.90833333333333
38710,63.07708333333333
38720,63.34583333333333
38730,61.633333333333326
38740,60.22708333333333
38750,59.395833333333336
38760,58.8625
38770,77.6311475409836
38780,77.0016611295681
38790,75.73333333333333
38800,74.25555555555555
38810,73.69722222222222
38820,72.92222222222222
38830,72.91944444444445
38840,70.96666666666667
38850,69.72222222222221
38860,69.31388888888888
38870,67.27222222222223
38880,65.87222222222222
38890,64.70833333333333
38900,63.663888888888884
38910,62.37777777777778
38920,60.03055555555555
38930,58.550000000000004
38940,56.708333333333336
38950,55.31666666666667
38960,53.233333333333334
38970,51.21111111111111
38980,50.16666666666667
38990,48.327777777777776
39000,68.40650406504065
39010,68.39137645107795
39020,66.60416666666666
39030,63.849999999999994
39040,62.979166666666664
39050,61.3375
39060,59.66666666666667
39070,58.3125
39080,56.84583333333333
39090,55.80833333333334
39100,55.52916666666666
39110,53.24166666666667
39120,53.1375
39130,52.03333333333333
39140,50.5
39150,50.866666666666674
39160,49.983333333333334
39170,49.49166666666667
39180,49.0
39190,48.50833333333333
39200,48.1375
39210,49.27916666666667
39220,48.91666666666667
39230,48.891666666666666
39240,49.25
39250,51.37916666666666
39260,50.77083333333333
39270,51.849999999999994
39280,52.72083333333333
39290,54.86666666666666
39300,56.3125
39310,57.63333333333334
39320,58.54166666666667
39330,61.11666666666666
39340,62.00833333333333
39350,64.60000000000001
39360,73.85833333333333
39370,76.44166666666666
39380,79.02916666666667
39390,83.79166666666666
39400,58.49444444444445
39410,61.30277777777777
39420,63.68055555555555
39430,67.12222222222223
39440,69.16388888888889
39450,73.60833333333333
39460,75.6138888888889
39470,76.23055555555555
39480,79.0111111111111
39490,60.61875
39500,61.73333333333333
39510,62.9
39520,63.15416666666667
39530,63.016666666666666
39540,64.32083333333334
39550,65.37083333333334
39560,64.84166666666667
39570,65.25416666666666
39580,65.87291666666667
39590,65.72083333333333
39600,65.61458333333333
39610,65.32291666666666
39620,64.01666666666667
39630,63.59791666666666
39640,63.09166666666667
39650,63.91875
39660,60.070833333333326
39670,61.29583333333334
39680,60.31666666666666
39690,59.824999999999996
39700,60.458333333333336
39710,60.21875
39720,80.36065573770492
39730,81.88538205980066
39740,83.01388888888889
39750,61.891666666666666
39760,62.393750000000004
39770,63.28958333333333
39780,62.78125
39790,63.50833333333333
39800,62.387499999999996
39810,63.085416666666674
39820,63.758333333333326
39830,64.05416666666667
39840,64.58541666666666
39850,64.83958333333332
39860,64.37083333333334
39870,64.66875
39880,65.45208333333333
39890,65.11875
39900,66.31666666666666
39910,65.64166666666667
39920,65.5875
39930,65.95833333333333
39940,66.94166666666666
39950,64.6875
39960,64.74166666666666
39970,64.79791666666667
39980,65.825
39990,64.07708333333333
40000,65.76875
40010,65.54583333333333
40020,64.87291666666667
40030,65.00833333333334
40040,64.24375
40050,63.141666666666666
40060,63.43333333333333
40070,62.585416666666674
40080,61.993750000000006
40090,60.62291666666667
40100,61.199999999999996
40110,62.28333333333333
40120,61.20625
40130,60.96041666666666
40140,61.304166666666674
40150,60.91458333333334
40160,59.852083333333326
40170,59.59583333333334
40180,77.0327868852459
40190,77.92358803986711
40200,77.53055555555555
40210,76.05
40220,74.95277777777778
40230,74.84444444444445
40240,75.25555555555556
40250,73.18333333333334
40260,71.82222222222222
40270,71.41944444444445
40280,71.72777777777777
40290,70.04444444444444
40300,69.01944444444445
40310,67.93333333333334
40320,66.07499999999999
40330,63.81666666666666
40340,63.03055555555556
40350,61.15555555555555
40360,60.50833333333333
40370,58.87777777777777
40380,57.475
40390,55.65555555555556
40400,53.738888888888894
40410,51.35277777777778
40420,51.41388888888889
40430,49.6
40440,69.04065040650407
40450,68.30845771144278
40460,66.89583333333333
40470,63.5625
40480,63.94583333333333
40490,61.34166666666667
40500,59.18750000000001
40510,58.30833333333333
40520,56.49999999999999
40530,54.608333333333334
40540,55.37916666666667
40550,52.775000000000006
40560,51.4875
40570,50.9375
40580,50.21666666666667
40590,48.6375
40600,48.541666666666664
40610,47.75
40620,46.541666666666664
40630,46.795833333333334
40640,46.7125
40650,45.925
40660,46.77916666666667
40670,46.74166666666667
40680,46.69166666666666
40690,47.333333333333336
40700,47.0875
40710,47.204166666666666
40720,48.854166666666664
40730,49.40416666666667
40740,50.40833333333333
40750,50.76666666666667
40760,50.66666666666667
40770,51.63333333333333
40780,53.05
40790,55.00416666666666
40800,58.80416666666667
40810,61.58749999999999
40820,63.541666666666664
40830,65.40833333333333
40840,69.13333333333334
40850,72.12083333333334
40860,74.41666666666666
40870,80.60000000000001
40880,83.17916666666667
40890,56.58333333333333
40900,60.35
40910,62.67222222222222
40920,64.81944444444444
40930,67.41944444444444
40940,69.58888888888889
40950,71.22500000000001
40960,72.58888888888889
40970,72.90277777777779
40980,74.41944444444445
40990,77.15833333333333
41000,78.5111111111111
41010,58.40208333333333
41020,59.854166666666664
41030,60.3625
41040,60.28541666666667
41050,59.84166666666667
41060,60.506249999999994
41070,59.05833333333334
41080,58.63125
41090,57.975
41100,56.829166666666666
41110,56.65625
41120,73.49453551912568
41130,75.96622369878185
41140,76.2388888888889
41150,76.41388888888889
41160,76.92777777777778
41170,76.97500000000001
41180,76.30833333333334
41190,78.08888888888889
41200,80.32222222222222
41210,79.50833333333334
41220,79.38888888888889
41230,79.68888888888888
41240,80.30000000000001
41250,80.32222222222222
41260,79.59444444444445
41270,80.93333333333334
41280,61.262499999999996
41290,60.8125
41300,60.099999999999994
41310,59.68125
41320,60.958333333333336
41330,60.55625
41340,60.77083333333333
41350,62.42291666666666
41360,61.77916666666666
41370,62.46041666666666
41380,62.94583333333333
41390,62.98958333333333
41400,63.454166666666666
41410,63.42916666666667
41420,62.97291666666667
41430,64.11041666666667
41440,64.24166666666666
41450,63.96875
41460,64.67500000000001
41470,64.47708333333333
41480,63.59583333333333
41490,63.00208333333334
41500,63.21666666666667
41510,61.49166666666667
41520,61.8375
41530,61.35625
41540,60.96666666666667
41550,61.33541666666667
41560,61.81458333333333
41570,60.90833333333333
41580,59.575
41590,60.852083333333326
41600,59.916666666666664
41610,77.89071038251366
41620,77.07918050941306
41630,76.96944444444445
41640,75.71111111111111
41650,74.3111111111111
41660,73.81111111111112
41670,74.425
41680,72.2
41690,71.62777777777778
41700,71.05555555555556
41710,69.27499999999999
41720,69.0111111111111
41730,66.50277777777778
41740,65.75555555555556
41750,65.21388888888889
41760,63.4
41770,61.61666666666667
41780,59.33888888888889
41790,57.36944444444444
41800,54.825
41810,53.95277777777778
41820,51.922222222222224
41830,49.51111111111111
41840,47.58888888888889
41850,68.10975609756098
41860,67.50414593698176
41870,64.75416666666666
41880,63.32083333333334
41890,61.6375
41900,59.95
41910,58.46666666666667
41920,56.958333333333336
41930,54.733333333333334
41940,54.72083333333333
41950,53.516666666666666
41960,52.416666666666664
41970,51.641666666666666
41980,51.61666666666667
41990,49.30833333333333
42000,49.5625
42010,48.55833333333333
42020,47.87916666666667
42030,47.608333333333334
42040,46.9
42050,45.85416666666667
42060,46.80416666666667
42070,46.516666666666666
42080,45.52916666666667
42090,46.85416666666667
42100,47.05
42110,47.712500000000006
42120,50.14999999999999
42130,49.86666666666667
42140,51.983333333333334
42150,52.837500000000006
42160,55.054166666666674
42170,57.141666666666666
42180,60.27916666666666
42190,61.67916666666666
42200,65.45416666666667
42210,70.7125
42220,74.71666666666667
42230,79.38333333333333
42240,89.89166666666667
42250,63.330555555555556
42260,65.45
42270,69.14166666666667
42280,72.85555555555555
42290,73.79444444444444
42300,77.53888888888889
42310,78.74166666666666
42320,60.43333333333333
42330,61.34791666666667
42340,63.3
42350,64.01666666666667
42360,66.18333333333334
42370,65.97708333333333
42380,67.56875
42390,67.70625
42400,68.85833333333333
42410,67.74791666666667
42420,68.76875
42430,69.38541666666667
42440,69.00625000000001
42450,68.21458333333334
42460,69.68124999999999
42470,69.675
42480,68.56666666666666
42490,68.35833333333333
42500,67.7375
42510,67.87291666666667
42520,66.8625
42530,65.825
42540,66.23541666666667
42550,65.12916666666668
42560,65.07916666666667
42570,64.91041666666668
42580,65.82083333333333
42590,65.02291666666666
42600,65.75625000000001
42610,66.34583333333333
42620,67.6875
42630,67.00416666666666
42640,65.92708333333334
42650,65.87291666666667
42660,66.21458333333334
42670,65.78958333333334
42680,65.6375
42690,66.74791666666667
42700,66.29374999999999
42710,66.86875
42720,67.57083333333334
42730,68.23541666666667
42740,68.22500000000001
42750,69.26875
42760,70.35
42770,68.30833333333334
42780,70.07291666666666
42790,69.625
42800,70.69583333333334
42810,70.2375
42820,71.275
42830,70.67083333333333
42840,69.92708333333333
42850,70.0375
42860,69.40833333333333
42870,69.47708333333334
42880,69.55
42890,68.2875
42900,69.68541666666667
42910,68.44583333333333
42920,67.0
42930,66.60625
42940,65.66041666666666
42950,63.275000000000006
42960,62.97291666666667
42970,62.46041666666666
42980,61.3375
42990,61.88333333333333
43000,61.21666666666666
43010,60.91041666666667
43020,60.9
43030,80.88524590163935
43040,79.69822812846068
43050,79.125
43060,78.4
43070,77.1138888888889
43080,76.11666666666666
43090,74.67222222222222
43100,74.02777777777779
43110,73.10277777777779
43120,72.07222222222222
43130,69.89166666666667
43140,70.25555555555556
43150,69.09166666666667
43160,66.1138888888889
43170,65.625
43180,64.26666666666667
43190,61.78888888888889
43200,61.08055555555556
43210,59.25
43220,56.827777777777776
43230,55.647222222222226
43240,53.36666666666666
43250,51.63333333333333
43260,49.71666666666666
43270,84.53658536585365
43280,73.14262023217248
43290,67.925
43300,65.075
43310,63.224999999999994
43320,61.875
43330,59.662499999999994
43340,58.233333333333334
43350,57.43333333333334
43360,56.00833333333334
43370,52.5625
43380,53.400000000000006
43390,52.00833333333333
43400,50.175000000000004
43410,51.175000000000004
43420,50.979166666666664
43430,48.37083333333334
43440,48.05833333333333
43450,47.5875
43460,45.375
43470,46.454166666666666
43480,46.19583333333333
43490,45.141666666666666
43500,46.225
43510,46.00833333333333
43520,45.25
43530,46.37083333333333
43540,46.925
43550,46.079166666666666
43560,47.25416666666667
43570,47.59166666666667
43580,48.9625
43590,50.69166666666667
43600,51.7
43610,53.2625
43620,56.62916666666666
43630,58.637499999999996
43640,59.77083333333333
43650,65.76666666666667
43660,69.30833333333334
43670,73.2125
43680,82.2375
43690,86.01666666666667
43700,58.577777777777776
43710,63.236111111111114
43720,65.80555555555556
43730,67.92222222222222
43740,71.7
43750,74.1861111111111
43760,75.14444444444445
43770,77.09722222222221
43780,59.45
43790,60.32291666666667
43800,62.0625
43810,64.53125
43820,64.06041666666667
43830,64.925
43840,66.60625
43850,66.26041666666667
43860,66.85208333333334
43870,66.98958333333334
43880,67.67708333333333
43890,69.22500000000001
43900,68.21875
43910,66.62291666666667
43920,67.64375
43930,67.82916666666667
43940,66.50208333333333
43950,67.51875000000001
43960,66.675
43970,64.95625000000001
43980,64.89791666666666
43990,64.76041666666667
44000,63.802083333333336
44010,64.32083333333334
44020,65.48958333333333
44030,65.68125
44040,65.22916666666667
44050,63.97291666666667
44060,65.17291666666667
44070,65.14583333333334
44080,64.85416666666667
44090,64.84791666666668
44100,65.3375
44110,65.48958333333333
44120,65.27916666666667
44130,66.33333333333333
44140,66.98333333333333
44150,66.64166666666667
44160,68.31458333333333
44170,67.65208333333334
44180,67.51666666666667
44190,68.27291666666667
44200,67.60416666666667
44210,67.4125
44220,69.80625
44230,68.67291666666667
44240,69.83125
44250,70.82916666666667
44260,70.2125
44270,70.4375
44280,70.67083333333333
44290,69.98958333333334
44300,69.76875
44310,70.5
44320,70.00833333333333
44330,70.24791666666667
44340,70.64791666666666
44350,69.87291666666667
44360,69.39375
44370,71.1125
44380,69.91458333333334
44390,68.92291666666667
44400,68.81875
44410,66.67291666666667
44420,64.73333333333333
44430,63.83333333333333
44440,63.43124999999999
44450,61.94166666666666
44460,61.65833333333334
44470,59.46458333333333
44480,59.18541666666667
44490,78.12841530054645
44500,78.69324473975637
44510,78.76111111111112
44520,78.19444444444444
44530,79.05555555555556
44540,78.97777777777777
44550,78.08055555555555
44560,77.14722222222223
44570,77.36944444444444
44580,78.24444444444445
44590,78.76944444444445
44600,77.33333333333333
44610,79.66111111111111
44620,81.06944444444444
44630,87.48333333333333
44640,88.45208333333333
44650,86.67291666666667
44660,82.26041666666667
44670,61.29833333333333
44680,56.51833333333334
44690,52.080000000000005
44700,60.98148148148148
44710,59.14172901080632
44720,56.081250000000004
44730,55.206250000000004
44740,53.52291666666667
44750,67.18032786885246
44760,66.84108527131784
44770,64.79722222222222
44780,62.955555555555556
44790,62.51944444444445
44800,61.28611111111111
44810,57.63333333333334
44820,57.11944444444445
44830,54.738888888888894
44840,55.83611111111111
44850,80.32113821138212
44860,80.61359867330017
44870,70.94583333333333
44880,69.33749999999999
44890,66.39583333333333
44900,63.375
44910,62.416666666666664
44920,60.42916666666667
44930,58.09583333333334
44940,57.74166666666667
44950,55.06666666666666
44960,53.47083333333333
44970,54.166666666666664
44980,50.74583333333334
44990,50.16666666666667
45000,50.670833333333334
45010,48.108333333333334
45020,47.64583333333333
45030,48.770833333333336
45040,46.770833333333336
45050,47.10416666666667
45060,47.920833333333334
45070,46.49166666666667
45080,46.670833333333334
45090,47.9
45100,47.36666666666667
45110,48.512499999999996
45120,53.479166666666664
45130,52.62083333333333
45140,53.862500000000004
45150,56.38333333333333
45160,58.85
45170,60.224999999999994
45180,64.94166666666666
45190,66.31666666666666
45200,69.25833333333333
45210,72.94583333333333
45220,76.42083333333333
45230,80.13333333333334
45240,56.40555555555555
45250,58.99444444444445
45260,61.51388888888889
45270,65.19444444444444
45280,67.94166666666666
45290,70.97777777777777
45300,73.85555555555555
45310,76.29166666666667
45320,76.97777777777777
45330,78.50833333333334
45340,60.25625
45350,60.14166666666667
45360,62.98958333333333
45370,62.041666666666664
45380,61.875
45390,62.39583333333333
45400,60.37916666666666
45410,60.572916666666664
45420,59.43958333333333
45430,58.358333333333334
45440,57.95625
45450,57.56041666666667
45460,57.104166666666664
45470,75.06284153005464
45480,75.6672203765227
45490,76.75277777777778
45500,77.10277777777777
45510,77.4388888888889
45520,77.13888888888889
45530,77.7388888888889
45540,77.8861111111111
45550,77.56944444444444
45560,77.78888888888889
45570,77.6138888888889
45580,77.5138888888889
45590,79.27777777777779
45600,79.50555555555555
45610,79.75277777777777
45620,79.77222222222223
45630,81.30277777777778
45640,82.36944444444444
45650,61.943749999999994
45660,62.575
45670,63.40833333333333
45680,63.24166666666666
45690,63.737500000000004
45700,64.88125
45710,64.25416666666666
45720,63.354166666666664
45730,62.50833333333333
45740,63.864583333333336
45750,63.62916666666667
45760,63.854166666666664
45770,63.40416666666666
45780,63.849999999999994
45790,63.29166666666667
45800,61.887499999999996
45810,61.45208333333333
45820,61.331250000000004
45830,60.62499999999999
45840,60.050000000000004
45850,59.943749999999994
45860,60.12083333333334
45870,78.92896174863388
45880,78.93964562569214
45890,77.07777777777778
45900,78.16666666666666
45910,78.16666666666666
45920,75.9
45930,76.21666666666667
45940,74.60555555555555
45950,74.14722222222223
45960,73.1888888888889
45970,71.69722222222222
45980,70.32222222222222
45990,68.55833333333334
46000,68.24722222222222
46010,66.725
46020,66.83611111111111
46030,66.00555555555555
46040,64.85833333333333
46050,62.588888888888896
46060,60.766666666666666
46070,58.86944444444444
