Time,Active AMFs
0,2
10,2
20,2
30,2
40,2
50,2
60,2
70,2
80,2
90,2
100,2
110,2
120,2
130,2
140,2
150,2
160,1
170,1
180,1
190,1
200,1
210,1
220,1
230,1
240,1
250,1
260,1
270,1
280,1
290,1
300,1
310,1
320,1
330,1
340,1
350,1
360,1
370,1
380,1
390,1
400,1
410,1
420,1
430,1
440,1
450,1
460,1
470,1
480,1
490,1
500,1
510,1
520,1
530,1
540,1
550,1
560,1
570,1
580,1
590,1
600,1
610,2
620,2
630,2
640,2
650,2
660,2
670,2
680,2
690,2
700,2
710,2
720,2
730,2
740,3
750,3
760,3
770,3
780,3
790,3
800,3
810,3
820,2
830,2
840,2
850,2
860,2
870,2
880,2
890,2
900,2
910,3
920,3
930,3
940,3
950,3
960,3
970,3
980,3
990,3
1000,3
1010,3
1020,3
1030,3
1040,3
1050,3
1060,3
1070,3
1080,3
1090,3
1100,3
1110,3
1120,3
1130,3
1140,3
1150,3
1160,3
1170,3
1180,3
1190,3
1200,3
1210,3
1220,3
1230,3
1240,3
1250,3
1260,3
1270,3
1280,3
1290,3
1300,2
1310,2
1320,2
1330,2
1340,2
1350,2
1360,2
1370,2
1380,2
1390,2
1400,2
1410,2
1420,2
1430,2
1440,2
1450,2
1460,2
1470,1
1480,1
1490,1
1500,1
1510,1
1520,1
1530,1
1540,1
1550,1
1560,1
1570,1
1580,1
1590,1
1600,1
1610,1
1620,1
1630,1
1640,1
1650,1
1660,1
1670,1
1680,1
1690,1
1700,1
1710,1
1720,1
1730,1
1740,1
1750,1
1760,1
1770,1
1780,1
1790,1
1800,1
1810,1
1820,1
1830,1
1840,1
1850,1
1860,1
1870,1
1880,1
1890,1
1900,1
1910,2
1920,2
1930,3
1940,3
1950,3
1960,4
1970,4
1980,4
1990,4
2000,5
2010,5
2020,5
2030,5
2040,5
2050,5
2060,5
2070,5
2080,5
2090,5
2100,5
2110,5
2120,5
2130,5
2140,5
2150,5
2160,5
2170,5
2180,5
2190,5
2200,5
2210,5
2220,5
2230,5
2240,6
2250,6
2260,6
2270,6
2280,6
2290,6
2300,6
2310,6
2320,6
2330,5
2340,5
2350,5
2360,5
2370,5
2380,5
2390,5
2400,5
2410,5
2420,5
2430,5
2440,5
2450,5
2460,5
2470,5
2480,5
2490,5
2500,5
2510,5
2520,5
2530,5
2540,5
2550,5
2560,5
2570,5
2580,5
2590,5
2600,4
2610,4
2620,4
2630,4
2640,4
2650,4
2660,4
2670,4
2680,3
2690,3
2700,3
2710,3
2720,3
2730,3
2740,3
2750,3
2760,3
2770,3
2780,3
2790,3
2800,3
2810,3
2820,3
2830,3
2840,2
2850,2
2860,2
2870,2
2880,2
2890,2
2900,2
2910,2
2920,2
2930,2
2940,2
2950,1
2960,1
2970,1
2980,1
2990,1
3000,1
3010,1
3020,1
3030,1
3040,1
3050,1
3060,1
3070,1
3080,1
3090,1
3100,1
3110,1
3120,1
3130,1
3140,1
3150,1
3160,1
3170,1
3180,1
3190,1
3200,1
3210,1
3220,1
3230,1
3240,1
3250,1
3260,1
3270,1
3280,1
3290,1
3300,1
3310,1
3320,1
3330,1
3340,1
3350,2
3360,2
3370,3
3380,3
3390,4
3400,4
3410,4
3420,4
3430,5
3440,5
3450,5
3460,5
3470,5
3480,5
3490,5
3500,5
3510,5
3520,5
3530,5
3540,5
3550,5
3560,5
3570,5
3580,6
3590,6
3600,6
3610,7
3620,6
3630,6
3640,6
3650,5
3660,5
3670,6
3680,6
3690,6
3700,6
3710,6
3720,6
3730,6
3740,6
3750,6
3760,7
3770,6
3780,6
3790,6
3800,5
3810,5
3820,5
3830,5
3840,5
3850,5
3860,5
3870,5
3880,5
3890,5
3900,5
3910,5
3920,5
3930,5
3940,5
3950,5
3960,5
3970,5
3980,5
3990,5
4000,5
4010,5
4020,5
4030,5
4040,5
4050,4
4060,4
4070,4
4080,4
4090,4
4100,4
4110,4
4120,4
4130,3
4140,3
4150,3
4160,3
4170,3
4180,3
4190,3
4200,3
4210,3
4220,3
4230,3
4240,3
4250,3
4260,3
4270,3
4280,3
4290,2
4300,2
4310,2
4320,2
4330,2
4340,2
4350,2
4360,2
4370,2
4380,2
4390,2
4400,2
4410,2
4420,2
4430,1
4440,1
4450,1
4460,1
4470,1
4480,1
4490,1
4500,1
4510,1
4520,1
4530,1
4540,1
4550,1
4560,1
4570,1
4580,1
4590,1
4600,1
4610,1
4620,1
4630,1
4640,1
4650,1
4660,1
4670,1
4680,1
4690,1
4700,1
4710,1
4720,1
4730,1
4740,1
4750,1
4760,1
4770,1
4780,1
4790,2
4800,2
4810,2
4820,3
4830,3
4840,4
4850,4
4860,4
4870,4
4880,4
4890,4
4900,4
4910,4
4920,4
4930,4
4940,4
4950,4
4960,5
4970,5
4980,6
4990,6
5000,5
5010,5
5020,5
5030,5
5040,5
5050,5
5060,5
5070,5
5080,5
5090,6
5100,6
5110,6
5120,6
5130,5
5140,5
5150,5
5160,5
5170,5
5180,5
5190,5
5200,5
5210,5
5220,5
5230,5
5240,5
5250,5
5260,5
5270,5
5280,5
5290,5
5300,5
5310,5
5320,5
5330,5
5340,5
5350,5
5360,5
5370,5
5380,5
5390,5
5400,5
5410,5
5420,5
5430,5
5440,5
5450,5
5460,5
5470,5
5480,4
5490,4
5500,4
5510,4
5520,4
5530,4
5540,4
5550,4
5560,3
5570,3
5580,3
5590,3
5600,3
5610,3
5620,3
5630,3
5640,3
5650,3
5660,3
5670,3
5680,3
5690,3
5700,3
5710,3
5720,2
5730,2
5740,2
5750,2
5760,2
5770,2
5780,2
5790,2
5800,2
5810,2
5820,2
5830,2
5840,2
5850,1
5860,1
5870,1
5880,1
5890,1
5900,1
5910,1
5920,1
5930,1
5940,1
5950,1
5960,1
5970,1
5980,1
5990,1
6000,1
6010,1
6020,1
6030,1
6040,1
6050,1
6060,1
6070,1
6080,1
6090,1
6100,1
6110,1
6120,1
6130,1
6140,1
6150,1
6160,1
6170,1
6180,1
6190,1
6200,1
6210,1
6220,1
6230,2
6240,2
6250,3
6260,3
6270,3
6280,3
6290,4
6300,4
6310,4
6320,4
6330,4
6340,4
6350,4
6360,4
6370,4
6380,4
6390,4
6400,5
6410,5
6420,5
6430,5
6440,5
6450,5
6460,5
6470,5
6480,5
6490,5
6500,5
6510,5
6520,5
6530,5
6540,5
6550,5
6560,5
6570,5
6580,5
6590,5
6600,5
6610,5
6620,6
6630,6
6640,6
6650,6
6660,5
6670,5
6680,5
6690,5
6700,5
6710,5
6720,5
6730,5
6740,5
6750,5
6760,5
6770,5
6780,5
6790,5
6800,5
6810,5
6820,5
6830,5
6840,5
6850,5
6860,5
6870,5
6880,5
6890,5
6900,5
6910,4
6920,4
6930,4
6940,4
6950,4
6960,4
6970,4
6980,4
6990,4
7000,3
7010,3
7020,3
7030,3
7040,3
7050,3
7060,3
7070,3
7080,3
7090,3
7100,3
7110,3
7120,3
7130,3
7140,3
7150,3
7160,3
7170,2
7180,2
7190,2
7200,2
7210,2
7220,2
7230,2
7240,2
7250,2
7260,2
7270,2
7280,2
7290,2
7300,1
7310,1
7320,1
7330,1
7340,1
7350,1
7360,1
7370,1
7380,1
7390,1
7400,1
7410,1
7420,1
7430,1
7440,1
7450,1
7460,1
7470,1
7480,1
7490,1
7500,1
7510,1
7520,1
7530,1
7540,1
7550,1
7560,1
7570,1
7580,1
7590,1
7600,1
7610,1
7620,1
7630,1
7640,1
7650,1
7660,1
7670,2
7680,2
7690,2
7700,3
7710,3
7720,3
7730,4
7740,4
7750,4
7760,4
7770,4
7780,4
7790,4
7800,4
7810,5
7820,5
7830,5
7840,5
7850,4
7860,4
7870,4
7880,5
7890,5
7900,5
7910,5
7920,5
7930,5
7940,5
7950,5
7960,5
7970,5
7980,5
7990,5
8000,5
8010,5
8020,5
8030,5
8040,5
8050,5
8060,5
8070,5
8080,5
8090,5
8100,5
8110,5
8120,5
8130,5
8140,5
8150,5
8160,5
8170,5
8180,5
8190,5
8200,5
8210,5
8220,5
8230,5
8240,5
8250,5
8260,5
8270,5
8280,5
8290,5
8300,5
8310,5
8320,5
8330,5
8340,4
8350,4
8360,4
8370,4
8380,4
8390,4
8400,4
8410,4
8420,3
8430,3
8440,3
8450,3
8460,7
8470,7
8480,7
8490,7
8500,4
8510,3
8520,3
8530,3
8540,3
8550,3
8560,2
8570,2
8580,2
8590,2
8600,2
8610,2
8620,2
8630,2
8640,2
8650,2
8660,2
8670,2
8680,2
8690,2
8700,2
8710,2
8720,2
8730,2
8740,2
8750,1
8760,1
8770,1
8780,1
8790,1
8800,1
8810,1
8820,1
8830,1
8840,1
8850,1
8860,1
8870,1
8880,1
8890,1
8900,1
8910,1
8920,1
8930,1
8940,1
8950,1
8960,1
8970,1
8980,1
8990,1
9000,1
9010,1
9020,1
9030,1
9040,1
9050,1
9060,1
9070,1
9080,1
9090,1
9100,1
9110,1
9120,1
9130,1
9140,1
9150,1
9160,1
9170,1
9180,1
9190,1
9200,1
9210,2
9220,2
9230,2
9240,2
9250,2
9260,2
9270,2
9280,2
9290,2
9300,3
9310,3
9320,3
9330,3
9340,3
9350,3
9360,3
9370,3
9380,3
9390,3
9400,3
9410,3
9420,3
9430,3
9440,3
9450,3
9460,3
9470,3
9480,3
9490,3
9500,4
9510,3
9520,3
9530,3
9540,3
9550,3
9560,3
9570,3
9580,3
9590,3
9600,3
9610,3
9620,3
9630,3
9640,3
9650,3
9660,3
9670,3
9680,3
9690,3
9700,3
9710,3
9720,3
9730,3
9740,3
9750,3
9760,3
9770,3
9780,3
9790,3
9800,3
9810,3
9820,3
9830,3
9840,3
9850,3
9860,3
9870,3
9880,3
9890,3
9900,3
9910,3
9920,2
9930,2
9940,2
9950,2
9960,2
9970,2
9980,2
9990,2
10000,2
10010,2
10020,2
10030,2
10040,2
10050,2
10060,2
10070,2
10080,2
10090,2
10100,2
10110,2
10120,2
10130,2
10140,2
10150,2
10160,2
10170,2
10180,2
10190,1
10200,1
10210,1
10220,1
10230,1
10240,1
10250,1
10260,1
10270,1
10280,1
10290,1
10300,1
10310,1
10320,1
10330,1
10340,1
10350,1
10360,1
10370,1
10380,1
10390,1
10400,1
10410,1
10420,1
10430,1
10440,1
10450,1
10460,1
10470,1
10480,1
10490,1
10500,1
10510,1
10520,1
10530,1
10540,1
10550,1
10560,1
10570,1
10580,1
10590,1
10600,1
10610,1
10620,1
10630,1
10640,2
10650,2
10660,2
10670,2
10680,2
10690,2
10700,2
10710,2
10720,2
10730,2
10740,2
10750,2
10760,2
10770,2
10780,2
10790,2
10800,2
10810,2
10820,2
10830,2
10840,2
10850,2
10860,2
10870,2
10880,2
10890,2
10900,2
10910,2
10920,2
10930,2
10940,2
10950,2
10960,3
10970,3
10980,3
10990,3
11000,3
11010,3
11020,3
11030,3
11040,3
11050,3
11060,3
11070,3
11080,3
11090,3
11100,3
11110,3
11120,3
11130,3
11140,3
11150,3
11160,3
11170,3
11180,3
11190,3
11200,3
11210,3
11220,3
11230,3
11240,3
11250,3
11260,4
11270,4
11280,3
11290,4
11300,4
11310,3
11320,3
11330,3
11340,3
11350,3
11360,2
11370,2
11380,2
11390,2
11400,2
11410,2
11420,2
11430,2
11440,2
11450,2
11460,2
11470,2
11480,2
11490,2
11500,1
11510,1
11520,1
11530,1
11540,1
11550,1
11560,1
11570,1
11580,1
11590,1
11600,1
11610,1
11620,1
11630,1
11640,1
11650,1
11660,1
11670,1
11680,1
11690,1
11700,1
11710,1
11720,1
11730,1
11740,1
11750,1
11760,1
11770,1
11780,1
11790,1
11800,1
11810,1
11820,1
11830,1
11840,1
11850,1
11860,1
11870,1
11880,1
11890,1
11900,1
11910,1
11920,1
11930,1
11940,2
11950,2
11960,2
11970,3
11980,3
11990,3
12000,3
12010,4
12020,4
12030,4
12040,4
12050,4
12060,4
12070,4
12080,4
12090,4
12100,4
12110,4
12120,4
12130,5
12140,5
12150,5
12160,5
12170,5
12180,5
12190,5
12200,5
12210,5
12220,5
12230,5
12240,5
12250,5
12260,5
12270,5
12280,5
12290,5
12300,5
12310,5
12320,5
12330,5
12340,5
12350,5
12360,5
12370,5
12380,5
12390,5
12400,5
12410,5
12420,5
12430,5
12440,5
12450,5
12460,5
12470,5
12480,5
12490,5
12500,5
12510,5
12520,5
12530,5
12540,5
12550,5
12560,5
12570,5
12580,5
12590,5
12600,5
12610,5
12620,5
12630,4
12640,4
12650,4
12660,4
12670,4
12680,4
12690,4
12700,4
12710,4
12720,3
12730,3
12740,3
12750,3
12760,3
12770,3
12780,3
12790,3
12800,3
12810,3
12820,3
12830,3
12840,3
12850,3
12860,3
12870,3
12880,3
12890,2
12900,2
12910,2
12920,2
12930,2
12940,2
12950,2
12960,2
12970,2
12980,1
12990,1
13000,1
13010,1
13020,1
13030,1
13040,1
13050,1
13060,1
13070,1
13080,1
13090,1
13100,1
13110,1
13120,1
13130,1
13140,1
13150,1
13160,1
13170,1
13180,1
13190,1
13200,1
13210,1
13220,1
13230,1
13240,1
13250,1
13260,1
13270,1
13280,1
13290,1
13300,1
13310,1
13320,1
13330,1
13340,1
13350,1
13360,1
13370,2
13380,2
13390,3
13400,3
13410,3
13420,4
13430,4
13440,4
13450,5
13460,5
13470,5
13480,5
13490,5
13500,5
13510,5
13520,5
13530,5
13540,5
13550,5
13560,5
13570,5
13580,5
13590,5
13600,5
13610,5
13620,5
13630,6
13640,6
13650,6
13660,7
13670,7
13680,6
13690,6
13700,6
13710,6
13720,6
13730,6
13740,6
13750,6
13760,6
13770,6
13780,6
13790,6
13800,5
13810,5
13820,5
13830,5
13840,5
13850,5
13860,5
13870,5
13880,5
13890,5
13900,5
13910,5
13920,5
13930,5
13940,5
13950,5
13960,5
13970,5
13980,5
13990,5
14000,5
14010,5
14020,5
14030,5
14040,5
14050,5
14060,5
14070,5
14080,4
14090,4
14100,4
14110,4
14120,4
14130,4
14140,4
14150,4
14160,4
14170,4
14180,4
14190,3
14200,3
14210,3
14220,3
14230,3
14240,3
14250,3
14260,3
14270,3
14280,3
14290,3
14300,3
14310,3
14320,3
14330,3
14340,2
14350,2
14360,2
14370,2
14380,2
14390,2
14400,2
14410,2
14420,2
14430,1
14440,1
14450,1
14460,1
14470,1
14480,1
14490,1
14500,1
14510,1
14520,1
14530,1
14540,1
14550,1
14560,1
14570,1
14580,1
14590,1
14600,1
14610,1
14620,1
14630,1
14640,1
14650,1
14660,1
14670,1
14680,1
14690,1
14700,1
14710,1
14720,1
14730,1
14740,1
14750,1
14760,1
14770,1
14780,1
14790,1
14800,1
14810,2
14820,2
14830,3
14840,3
14850,4
14860,4
14870,4
14880,4
14890,4
14900,4
14910,4
14920,4
14930,4
14940,5
14950,5
14960,5
14970,5
14980,5
14990,5
15000,5
15010,5
15020,5
15030,5
15040,5
15050,6
15060,6
15070,7
15080,7
15090,6
15100,7
15110,7
15120,6
15130,7
15140,6
15150,6
15160,6
15170,6
15180,6
15190,6
15200,6
15210,6
15220,6
15230,6
15240,6
15250,6
15260,6
15270,6
15280,6
15290,6
15300,6
15310,6
15320,6
15330,6
15340,6
15350,5
15360,5
15370,5
15380,5
15390,5
15400,5
15410,5
15420,5
15430,5
15440,5
15450,5
15460,5
15470,5
15480,5
15490,5
15500,5
15510,5
15520,5
15530,5
15540,4
15550,4
15560,4
15570,4
15580,4
15590,4
15600,4
15610,4
15620,5
15630,4
15640,4
15650,4
15660,3
15670,3
15680,3
15690,3
15700,3
15710,3
15720,3
15730,3
15740,3
15750,3
15760,3
15770,3
15780,3
15790,3
15800,2
15810,2
15820,2
15830,2
15840,2
15850,2
15860,2
15870,1
15880,1
15890,1
15900,1
15910,1
15920,1
15930,1
15940,1
15950,1
15960,1
15970,1
15980,1
15990,1
16000,1
16010,1
16020,1
16030,1
16040,1
16050,1
16060,1
16070,1
16080,1
16090,1
16100,1
16110,1
16120,1
16130,1
16140,1
16150,1
16160,1
16170,1
16180,1
16190,1
16200,1
16210,1
16220,1
16230,1
16240,2
16250,2
16260,2
16270,3
16280,3
16290,4
16300,4
16310,4
16320,5
16330,5
16340,5
16350,5
16360,6
16370,6
16380,5
16390,5
16400,5
16410,5
16420,5
16430,5
16440,5
16450,5
16460,5
16470,5
16480,5
16490,5
16500,5
16510,6
16520,6
16530,6
16540,7
16550,7
16560,6
16570,7
16580,7
16590,6
16600,6
16610,6
16620,6
16630,6
16640,6
16650,6
16660,7
16670,7
16680,6
16690,6
16700,5
16710,5
16720,6
16730,6
16740,6
16750,6
16760,5
16770,5
16780,5
16790,5
16800,5
16810,5
16820,6
16830,6
16840,6
16850,6
16860,5
16870,5
16880,5
16890,5
16900,5
16910,5
16920,5
16930,5
16940,5
16950,5
16960,5
16970,4
16980,4
16990,4
17000,4
17010,4
17020,4
17030,4
17040,4
17050,4
17060,4
17070,4
17080,4
17090,4
17100,3
17110,3
17120,3
17130,3
17140,3
17150,3
17160,3
17170,3
17180,3
17190,3
17200,3
17210,3
17220,3
17230,2
17240,2
17250,2
17260,2
17270,2
17280,2
17290,2
17300,2
17310,2
17320,1
17330,1
17340,1
17350,1
17360,1
17370,1
17380,1
17390,1
17400,1
17410,1
17420,1
17430,1
17440,1
17450,1
17460,1
17470,1
17480,1
17490,1
17500,1
17510,1
17520,1
17530,1
17540,1
17550,1
17560,1
17570,1
17580,1
17590,1
17600,1
17610,1
17620,1
17630,1
17640,1
17650,1
17660,1
17670,1
17680,1
17690,2
17700,2
17710,3
17720,3
17730,3
17740,4
17750,4
17760,4
17770,4
17780,4
17790,4
17800,4
17810,5
17820,5
17830,5
17840,5
17850,5
17860,5
17870,5
17880,5
17890,6
17900,5
17910,5
17920,5
17930,5
17940,5
17950,5
17960,5
17970,5
17980,6
17990,6
18000,6
18010,6
18020,5
18030,5
18040,5
18050,5
18060,5
18070,5
18080,5
18090,5
18100,5
18110,5
18120,5
18130,5
18140,5
18150,5
18160,5
18170,5
18180,6
18190,6
18200,5
18210,5
18220,5
18230,5
18240,5
18250,5
18260,5
18270,5
18280,5
18290,5
18300,5
18310,6
18320,5
18330,5
18340,5
18350,4
18360,4
18370,4
18380,4
18390,4
18400,4
18410,4
18420,4
18430,3
18440,3
18450,3
18460,3
18470,3
18480,3
18490,3
18500,3
18510,3
18520,3
18530,3
18540,3
18550,3
18560,3
18570,3
18580,2
18590,2
18600,2
18610,2
18620,2
18630,2
18640,2
18650,2
18660,2
18670,2
18680,2
18690,2
18700,2
18710,2
18720,2
18730,2
18740,2
18750,2
18760,1
18770,1
18780,1
18790,1
18800,1
18810,1
18820,1
18830,1
18840,1
18850,1
18860,1
18870,1
18880,1
18890,1
18900,1
18910,1
18920,1
18930,1
18940,1
18950,1
18960,1
18970,1
18980,1
18990,1
19000,1
19010,1
19020,1
19030,1
19040,1
19050,1
19060,1
19070,1
19080,1
19090,1
19100,1
19110,1
19120,1
19130,1
19140,1
19150,1
19160,1
19170,1
19180,1
19190,1
19200,2
19210,2
19220,2
19230,2
19240,2
19250,2
19260,3
19270,3
19280,3
19290,3
19300,3
19310,3
19320,3
19330,3
19340,3
19350,3
19360,3
19370,3
19380,3
19390,3
19400,3
19410,3
19420,3
19430,3
19440,3
19450,3
19460,3
19470,3
19480,3
19490,3
19500,3
19510,3
19520,3
19530,3
19540,3
19550,3
19560,3
19570,3
19580,3
19590,3
19600,3
19610,3
19620,3
19630,3
19640,3
19650,3
19660,3
19670,3
19680,3
19690,3
19700,3
19710,3
19720,3
19730,3
19740,3
19750,3
19760,3
19770,3
19780,3
19790,3
19800,3
19810,3
19820,3
19830,3
19840,3
19850,3
19860,3
19870,3
19880,3
19890,3
19900,3
19910,3
19920,3
19930,3
19940,2
19950,2
19960,2
19970,2
19980,2
19990,2
20000,2
20010,2
20020,2
20030,2
20040,2
20050,2
20060,2
20070,2
20080,2
20090,2
20100,2
20110,2
20120,2
20130,2
20140,2
20150,2
20160,2
20170,2
20180,2
20190,2
20200,1
20210,1
20220,1
20230,1
20240,1
20250,1
20260,1
20270,1
20280,1
20290,1
20300,1
20310,1
20320,1
20330,1
20340,1
20350,1
20360,1
20370,1
20380,1
20390,1
20400,1
20410,1
20420,1
20430,1
20440,1
20450,1
20460,1
20470,1
20480,1
20490,1
20500,1
20510,1
20520,1
20530,1
20540,1
20550,1
20560,1
20570,1
20580,1
20590,1
20600,1
20610,1
20620,1
20630,1
20640,1
20650,1
20660,1
20670,1
20680,1
20690,1
20700,2
20710,2
20720,2
20730,2
20740,2
20750,2
20760,2
20770,2
20780,2
20790,2
20800,2
20810,2
20820,2
20830,2
20840,2
20850,2
20860,2
20870,2
20880,2
20890,2
20900,2
20910,2
20920,2
20930,2
20940,2
20950,2
20960,2
20970,2
20980,2
20990,2
21000,2
21010,2
21020,2
21030,2
21040,3
21050,3
21060,3
21070,3
21080,3
21090,3
21100,3
21110,3
21120,3
21130,3
21140,3
21150,3
21160,3
21170,3
21180,3
21190,3
21200,3
21210,3
21220,3
21230,3
21240,3
21250,3
21260,3
21270,3
21280,3
21290,3
21300,3
21310,3
21320,3
21330,3
21340,3
21350,2
21360,2
21370,2
21380,2
21390,2
21400,2
21410,2
21420,2
21430,2
21440,2
21450,2
21460,2
21470,2
21480,2
21490,2
21500,2
21510,2
21520,2
21530,2
21540,2
21550,2
21560,2
21570,2
21580,1
21590,1
21600,1
21610,1
21620,1
21630,1
21640,1
21650,1
21660,1
21670,1
21680,1
21690,1
21700,1
21710,1
21720,1
21730,1
21740,1
21750,1
21760,1
21770,1
21780,1
21790,1
21800,1
21810,1
21820,1
21830,1
21840,1
21850,1
21860,1
21870,1
21880,1
21890,1
21900,1
21910,1
21920,1
21930,1
21940,1
21950,1
21960,1
21970,1
21980,1
21990,1
22000,1
22010,2
22020,2
22030,2
22040,3
22050,3
22060,3
22070,4
22080,4
22090,4
22100,4
22110,4
22120,4
22130,4
22140,4
22150,4
22160,4
22170,4
22180,4
22190,4
22200,4
22210,4
22220,4
22230,5
22240,5
22250,5
22260,5
22270,5
22280,5
22290,5
22300,5
22310,5
22320,5
22330,5
22340,5
22350,5
22360,5
22370,5
22380,5
22390,5
22400,5
22410,5
22420,5
22430,5
22440,6
22450,5
22460,5
22470,5
22480,5
22490,5
22500,5
22510,5
22520,5
22530,5
22540,6
22550,6
22560,5
22570,5
22580,5
22590,5
22600,5
22610,5
22620,5
22630,5
22640,5
22650,5
22660,4
22670,4
22680,4
22690,4
22700,4
22710,4
22720,4
22730,4
22740,3
22750,3
22760,3
22770,3
22780,3
22790,3
22800,3
22810,3
22820,3
22830,3
22840,3
22850,3
22860,3
22870,3
22880,3
22890,3
22900,3
22910,2
22920,2
22930,2
22940,2
22950,2
22960,2
22970,2
22980,2
22990,2
23000,2
23010,1
23020,1
23030,1
23040,1
23050,1
23060,1
23070,1
23080,1
23090,2
23100,2
23110,2
23120,2
23130,2
23140,2
23150,1
23160,1
23170,1
23180,1
23190,1
23200,1
23210,1
23220,1
23230,1
23240,1
23250,1
23260,1
23270,1
23280,1
23290,1
23300,1
23310,1
23320,1
23330,1
23340,1
23350,1
23360,1
23370,1
23380,1
23390,1
23400,1
23410,1
23420,1
23430,1
23440,1
23450,1
23460,1
23470,1
23480,1
23490,1
23500,1
23510,1
23520,1
23530,1
23540,1
23550,2
23560,2
23570,3
23580,3
23590,3
23600,3
23610,4
23620,4
23630,4
23640,4
23650,4
23660,4
23670,4
23680,4
23690,4
23700,4
23710,4
23720,4
23730,4
23740,4
23750,5
23760,5
23770,5
23780,5
23790,5
23800,5
23810,5
23820,5
23830,5
23840,5
23850,5
23860,5
23870,5
23880,5
23890,5
23900,5
23910,5
23920,5
23930,5
23940,5
23950,5
23960,5
23970,5
23980,5
23990,5
24000,5
24010,5
24020,5
24030,5
24040,5
24050,5
24060,5
24070,5
24080,5
24090,5
24100,5
24110,5
24120,5
24130,5
24140,5
24150,5
24160,5
24170,5
24180,5
24190,5
24200,4
24210,4
24220,4
24230,4
24240,4
24250,4
24260,4
24270,4
24280,4
24290,4
24300,3
24310,3
24320,3
24330,3
24340,3
24350,3
24360,3
24370,3
24380,3
24390,3
24400,3
24410,3
24420,3
24430,3
24440,3
24450,2
24460,2
24470,2
24480,2
24490,2
24500,2
24510,2
24520,2
24530,2
24540,2
24550,2
24560,2
24570,2
24580,2
24590,2
24600,1
24610,1
24620,1
24630,1
24640,1
24650,1
24660,1
24670,1
24680,1
24690,1
24700,1
24710,1
24720,1
24730,1
24740,1
24750,1
24760,1
24770,1
24780,1
24790,1
24800,1
24810,1
24820,1
24830,1
24840,1
24850,1
24860,1
24870,1
24880,1
24890,1
24900,1
24910,1
24920,1
24930,1
24940,1
24950,1
24960,1
24970,1
24980,1
24990,2
25000,2
25010,2
25020,3
25030,3
25040,3
25050,3
25060,4
25070,4
25080,4
25090,4
25100,4
25110,4
25120,4
25130,4
25140,4
25150,4
25160,4
25170,4
25180,4
25190,4
25200,4
25210,5
25220,5
25230,5
25240,5
25250,5
25260,5
25270,5
25280,5
25290,5
25300,5
25310,5
25320,5
25330,5
25340,5
25350,5
25360,5
25370,5
25380,5
25390,5
25400,5
25410,5
25420,5
25430,5
25440,5
25450,5
25460,5
25470,5
25480,5
25490,5
25500,5
25510,5
25520,5
25530,5
25540,5
25550,5
25560,5
25570,5
25580,5
25590,6
25600,6
25610,5
25620,5
25630,5
25640,4
25650,4
25660,5
25670,5
25680,4
25690,4
25700,4
25710,4
25720,4
25730,4
25740,4
25750,3
25760,3
25770,3
25780,3
25790,3
25800,3
25810,3
25820,3
25830,3
25840,3
25850,3
25860,3
25870,3
25880,3
25890,2
25900,2
25910,2
25920,2
25930,2
25940,2
25950,2
25960,2
25970,2
25980,2
25990,2
26000,2
26010,2
26020,2
26030,2
26040,1
26050,1
26060,1
26070,1
26080,1
26090,1
26100,1
26110,1
26120,1
26130,1
26140,1
26150,1
26160,1
26170,1
26180,1
26190,1
26200,1
26210,1
26220,1
26230,1
26240,1
26250,1
26260,1
26270,1
26280,1
26290,1
26300,1
26310,1
26320,1
26330,1
26340,1
26350,1
26360,1
26370,1
26380,1
26390,1
26400,1
26410,1
26420,1
26430,2
26440,2
26450,2
26460,3
26470,3
26480,3
26490,3
26500,4
26510,4
26520,4
26530,4
26540,4
26550,4
26560,4
26570,4
26580,4
26590,4
26600,4
26610,4
26620,4
26630,4
26640,5
26650,5
26660,5
26670,5
26680,5
26690,5
26700,5
26710,5
26720,5
26730,5
26740,5
26750,5
26760,5
26770,5
26780,5
26790,5
26800,5
26810,5
26820,5
26830,6
26840,6
26850,5
26860,5
26870,5
26880,5
26890,6
26900,5
26910,5
26920,5
26930,5
26940,5
26950,6
26960,5
26970,5
26980,6
26990,5
27000,5
27010,5
27020,4
27030,4
27040,4
27050,4
27060,4
27070,4
27080,4
27090,4
27100,4
27110,4
27120,4
27130,4
27140,3
27150,3
27160,3
27170,3
27180,3
27190,3
27200,3
27210,3
27220,3
27230,3
27240,2
27250,2
27260,2
27270,2
27280,2
27290,2
27300,2
27310,2
27320,2
27330,2
27340,2
27350,2
27360,2
27370,2
27380,2
27390,2
27400,2
27410,2
27420,2
27430,2
27440,2
27450,2
27460,2
27470,1
27480,1
27490,1
27500,1
27510,1
27520,1
27530,1
27540,1
27550,1
27560,1
27570,1
27580,1
27590,1
27600,1
27610,1
27620,1
27630,1
27640,1
27650,1
27660,1
27670,1
27680,1
27690,1
27700,1
27710,1
27720,1
27730,1
27740,1
27750,1
27760,1
27770,1
27780,1
27790,1
27800,1
27810,1
27820,1
27830,1
27840,1
27850,1
27860,1
27870,1
27880,1
27890,1
27900,1
27910,1
27920,1
27930,1
27940,1
27950,1
27960,2
27970,2
27980,2
27990,2
28000,2
28010,2
28020,2
28030,3
28040,3
28050,3
28060,3
28070,3
28080,3
28090,3
28100,3
28110,3
28120,3
28130,3
28140,3
28150,3
28160,3
28170,3
28180,3
28190,3
28200,3
28210,2
28220,2
28230,2
28240,2
28250,2
28260,2
28270,2
28280,2
28290,3
28300,3
28310,3
28320,3
28330,3
28340,3
28350,3
28360,3
28370,3
28380,3
28390,3
28400,3
28410,3
28420,3
28430,3
28440,3
28450,3
28460,3
28470,3
28480,3
28490,3
28500,3
28510,3
28520,3
28530,3
28540,3
28550,3
28560,3
28570,3
28580,2
28590,2
28600,2
28610,2
28620,2
28630,2
28640,2
28650,2
28660,2
28670,2
28680,2
28690,2
28700,2
28710,2
28720,2
28730,2
28740,2
28750,2
28760,2
28770,2
28780,2
28790,2
28800,2
28810,2
28820,2
28830,2
28840,2
28850,2
28860,2
28870,1
28880,1
28890,1
28900,1
28910,1
28920,1
28930,1
28940,1
28950,1
28960,1
28970,1
28980,1
28990,1
29000,1
29010,1
29020,1
29030,1
29040,1
29050,1
29060,1
29070,1
29080,1
29090,1
29100,1
29110,1
29120,1
29130,1
29140,1
29150,1
29160,1
29170,1
29180,1
29190,1
29200,1
29210,1
29220,1
29230,1
29240,1
29250,1
29260,1
29270,1
29280,1
29290,1
29300,1
29310,1
29320,1
29330,1
29340,1
29350,1
29360,1
29370,1
29380,1
29390,1
29400,2
29410,2
29420,2
29430,2
29440,2
29450,2
29460,2
29470,2
29480,2
29490,2
29500,2
29510,2
29520,2
29530,2
29540,2
29550,2
29560,2
29570,2
29580,2
29590,2
29600,2
29610,2
29620,2
29630,2
29640,2
29650,2
29660,2
29670,2
29680,2
29690,2
29700,2
29710,2
29720,2
29730,2
29740,2
29750,2
29760,2
29770,2
29780,2
29790,2
29800,2
29810,2
29820,2
29830,2
29840,2
29850,2
29860,2
29870,2
29880,2
29890,2
29900,2
29910,2
29920,2
29930,2
29940,2
29950,2
29960,2
29970,2
29980,2
29990,2
30000,2
30010,2
30020,2
30030,2
30040,2
30050,2
30060,2
30070,2
30080,2
30090,2
30100,2
30110,1
30120,1
30130,2
30140,2
30150,2
30160,2
30170,1
30180,1
30190,1
30200,1
30210,1
30220,1
30230,1
30240,1
30250,1
30260,1
30270,1
30280,1
30290,1
30300,1
30310,1
30320,1
30330,1
30340,1
30350,1
30360,1
30370,1
30380,1
30390,1
30400,1
30410,1
30420,1
30430,1
30440,1
30450,1
30460,1
30470,1
30480,1
30490,1
30500,1
30510,1
30520,1
30530,1
30540,1
30550,1
30560,1
30570,1
30580,1
30590,2
30600,2
30610,2
30620,2
30630,2
30640,2
30650,2
30660,2
30670,2
30680,3
30690,3
30700,3
30710,3
30720,3
30730,3
30740,3
30750,3
30760,3
30770,3
30780,3
30790,3
30800,3
30810,3
30820,3
30830,3
30840,2
30850,2
30860,2
30870,2
30880,2
30890,2
30900,2
30910,2
30920,2
30930,2
30940,2
30950,2
30960,2
30970,2
30980,2
30990,2
31000,2
31010,2
31020,2
31030,2
31040,2
31050,2
31060,2
31070,2
31080,2
31090,2
31100,2
31110,2
31120,2
31130,2
31140,2
31150,2
31160,2
31170,2
31180,2
31190,2
31200,2
31210,2
31220,2
31230,2
31240,2
31250,2
31260,1
31270,1
31280,1
31290,1
31300,1
31310,1
31320,1
31330,1
31340,1
31350,1
31360,1
31370,1
31380,1
31390,1
31400,1
31410,1
31420,1
31430,1
31440,1
31450,1
31460,1
31470,1
31480,1
31490,1
31500,1
31510,1
31520,1
31530,1
31540,1
31550,1
31560,1
31570,1
31580,1
31590,1
31600,1
31610,1
31620,1
31630,1
31640,1
31650,1
31660,1
31670,1
31680,1
31690,1
31700,1
31710,1
31720,1
31730,1
31740,1
31750,1
31760,1
31770,1
31780,1
31790,1
31800,1
31810,1
31820,1
31830,1
31840,1
31850,1
31860,1
31870,1
31880,1
31890,1
31900,1
31910,1
31920,1
31930,1
31940,1
31950,1
31960,1
31970,1
31980,1
31990,1
32000,1
32010,1
32020,1
32030,1
32040,1
32050,1
32060,1
32070,1
32080,1
32090,2
32100,2
32110,2
32120,2
32130,2
32140,2
32150,2
32160,2
32170,2
32180,2
32190,2
32200,2
32210,2
32220,2
32230,1
32240,1
32250,1
32260,1
32270,1
32280,1
32290,1
32300,1
32310,1
32320,1
32330,1
32340,1
32350,1
32360,1
32370,1
32380,1
32390,1
32400,1
32410,1
32420,1
32430,1
32440,1
32450,1
32460,1
32470,1
32480,1
32490,1
32500,1
32510,1
32520,1
32530,1
32540,1
32550,1
32560,1
32570,1
32580,1
32590,1
32600,1
32610,1
32620,1
32630,1
32640,1
32650,1
32660,1
32670,1
32680,1
32690,1
32700,1
32710,1
32720,1
32730,1
32740,1
32750,1
32760,1
32770,1
32780,1
32790,1
32800,1
32810,1
32820,1
32830,1
32840,1
32850,1
32860,1
32870,1
32880,1
32890,1
32900,1
32910,1
32920,1
32930,1
32940,1
32950,1
32960,1
32970,1
32980,1
32990,1
33000,1
33010,1
33020,1
33030,1
33040,1
33050,1
33060,1
33070,1
33080,1
33090,1
33100,1
33110,1
33120,1
33130,1
33140,1
33150,1
33160,1
33170,1
33180,1
33190,1
33200,1
33210,1
33220,1
33230,1
33240,1
33250,1
33260,1
33270,1
33280,1
33290,1
33300,1
33310,1
33320,1
33330,1
33340,1
33350,1
33360,1
33370,1
33380,1
33390,1
33400,1
33410,1
33420,1
33430,1
33440,1
33450,1
33460,1
33470,1
33480,1
33490,1
33500,1
33510,1
33520,1
33530,1
33540,1
33550,1
33560,1
33570,1
33580,1
33590,1
33600,1
33610,1
33620,1
33630,1
33640,1
33650,1
33660,1
33670,1
33680,1
33690,1
33700,1
33710,1
33720,1
33730,1
33740,1
33750,1
33760,1
33770,1
33780,1
33790,1
33800,1
33810,1
33820,1
33830,1
33840,1
33850,1
33860,1
33870,1
33880,1
33890,1
33900,1
33910,1
33920,1
33930,1
33940,1
33950,1
33960,1
33970,1
33980,1
33990,1
34000,1
34010,1
34020,1
34030,1
34040,1
34050,1
34060,1
34070,1
34080,1
34090,1
34100,1
34110,1
34120,1
34130,1
34140,1
34150,1
34160,1
34170,1
34180,1
34190,1
34200,1
34210,1
34220,1
34230,1
34240,1
34250,1
34260,1
34270,1
34280,1
34290,1
34300,1
34310,1
34320,1
34330,1
34340,1
34350,1
34360,1
34370,1
34380,1
34390,1
34400,1
34410,1
34420,1
34430,1
34440,1
34450,1
34460,1
34470,1
34480,1
34490,1
34500,1
34510,1
34520,1
34530,1
34540,1
34550,1
34560,1
34570,1
34580,1
34590,1
34600,1
34610,1
34620,1
34630,1
34640,1
34650,1
34660,2
34670,2
34680,2
34690,2
34700,2
34710,2
34720,2
34730,2
34740,2
34750,2
34760,2
34770,2
34780,2
34790,2
34800,2
34810,2
34820,2
34830,2
34840,2
34850,2
34860,2
34870,2
34880,2
34890,2
34900,2
34910,2
34920,2
34930,2
34940,2
34950,2
34960,2
34970,2
34980,2
34990,2
35000,2
35010,2
35020,2
35030,2
35040,2
35050,2
35060,2
35070,2
35080,2
35090,2
35100,2
35110,2
35120,2
35130,2
35140,2
35150,2
35160,2
35170,2
35180,2
35190,2
35200,2
35210,2
35220,2
35230,2
35240,2
35250,2
35260,1
35270,1
35280,1
35290,1
35300,1
35310,1
35320,1
35330,1
35340,1
35350,1
35360,1
35370,1
35380,1
35390,1
35400,1
35410,1
35420,1
35430,1
35440,1
35450,1
35460,1
35470,1
35480,1
35490,1
35500,1
35510,1
35520,1
35530,1
35540,1
35550,1
35560,1
35570,1
35580,1
35590,1
35600,1
35610,1
35620,1
35630,1
35640,1
35650,1
35660,1
35670,1
35680,1
35690,1
35700,1
35710,1
35720,1
35730,1
35740,1
35750,1
35760,1
35770,1
35780,1
35790,1
35800,1
35810,1
35820,1
35830,1
35840,1
35850,1
35860,1
35870,1
35880,1
35890,1
35900,1
35910,1
35920,1
35930,1
35940,1
35950,1
35960,1
35970,1
35980,1
35990,1
36000,1
36010,1
36020,1
36030,1
36040,1
36050,1
36060,1
36070,1
36080,1
36090,1
36100,1
36110,1
36120,1
36130,1
36140,1
36150,1
36160,1
36170,1
36180,1
36190,1
36200,1
36210,1
36220,1
36230,1
36240,1
36250,1
36260,1
36270,1
36280,1
36290,1
36300,1
36310,1
36320,1
36330,1
36340,1
36350,1
36360,1
36370,1
36380,1
36390,1
36400,1
36410,1
36420,1
36430,1
36440,1
36450,1
36460,1
36470,1
36480,1
36490,1
36500,1
36510,1
36520,1
36530,1
36540,1
36550,1
36560,1
36570,1
36580,1
36590,1
36600,1
36610,1
36620,1
36630,1
36640,1
36650,1
36660,1
36670,1
36680,1
36690,1
36700,1
36710,1
36720,1
36730,1
36740,1
36750,1
36760,1
36770,1
36780,1
36790,1
36800,1
36810,1
36820,1
36830,1
36840,1
36850,1
36860,1
36870,1
36880,1
36890,1
36900,1
36910,1
36920,1
36930,1
36940,1
36950,1
36960,1
36970,1
36980,1
36990,1
37000,1
37010,1
37020,1
37030,1
37040,1
37050,1
37060,1
37070,1
37080,1
37090,1
37100,1
37110,1
37120,1
37130,1
37140,1
37150,1
37160,1
37170,1
37180,1
37190,1
37200,1
37210,1
37220,1
37230,1
37240,1
37250,1
37260,1
37270,1
37280,1
37290,1
37300,1
37310,1
37320,1
37330,1
37340,1
37350,1
37360,1
37370,1
37380,1
37390,1
37400,1
37410,1
37420,1
37430,1
37440,1
37450,1
37460,1
37470,1
37480,1
37490,1
37500,1
37510,1
37520,1
37530,1
37540,1
37550,1
37560,1
37570,1
37580,1
37590,1
37600,1
37610,1
37620,1
37630,1
37640,1
37650,1
37660,1
37670,1
37680,1
37690,1
37700,1
37710,1
37720,1
37730,1
37740,1
37750,1
37760,1
37770,1
37780,1
37790,1
37800,1
37810,1
37820,1
37830,1
37840,1
37850,1
37860,1
37870,1
37880,1
37890,1
37900,1
37910,1
37920,1
37930,1
37940,1
37950,1
37960,1
37970,1
37980,1
37990,1
38000,1
38010,1
38020,1
38030,1
38040,1
38050,1
38060,1
38070,1
38080,1
38090,1
38100,1
38110,1
38120,1
38130,1
38140,1
38150,1
38160,1
38170,1
38180,1
38190,1
38200,1
38210,1
38220,1
38230,1
38240,2
38250,2
38260,2
38270,2
38280,2
38290,2
38300,2
38310,2
38320,2
38330,2
38340,2
38350,2
38360,2
38370,2
38380,2
38390,2
38400,2
38410,2
38420,2
38430,2
38440,2
38450,2
38460,2
38470,2
38480,2
38490,2
38500,2
38510,2
38520,2
38530,2
38540,2
38550,2
38560,2
38570,2
38580,2
38590,2
38600,2
38610,2
38620,2
38630,2
38640,2
38650,2
38660,2
38670,2
38680,2
38690,2
38700,2
38710,2
38720,2
38730,2
38740,2
38750,1
38760,1
38770,1
38780,1
38790,1
38800,1
38810,1
38820,1
38830,1
38840,1
38850,1
38860,1
38870,1
38880,1
38890,1
38900,1
38910,1
38920,1
38930,1
38940,1
38950,1
38960,1
38970,1
38980,1
38990,1
39000,1
39010,1
39020,1
39030,1
39040,1
39050,1
39060,1
39070,1
39080,1
39090,1
39100,1
39110,1
39120,1
39130,1
39140,1
39150,1
39160,1
39170,1
39180,1
39190,1
39200,1
39210,1
39220,1
39230,1
39240,1
39250,1
39260,1
39270,1
39280,1
39290,1
39300,1
39310,1
39320,1
39330,1
39340,1
39350,1
39360,1
39370,1
39380,1
39390,1
39400,1
39410,1
39420,1
39430,1
39440,1
39450,1
39460,1
39470,2
39480,2
39490,2
39500,2
39510,2
39520,2
39530,2
39540,2
39550,2
39560,2
39570,2
39580,1
39590,1
39600,1
39610,1
39620,1
39630,1
39640,1
39650,1
39660,1
39670,1
39680,1
39690,1
39700,1
39710,1
39720,1
39730,1
39740,1
39750,1
39760,1
39770,1
39780,1
39790,1
39800,1
39810,1
39820,1
39830,1
39840,1
39850,1
39860,1
39870,1
39880,1
39890,1
39900,1
39910,1
39920,1
39930,1
39940,1
39950,1
39960,1
39970,1
39980,1
39990,1
40000,1
40010,1
40020,1
40030,1
40040,1
40050,1
40060,1
40070,1
40080,1
40090,1
40100,1
40110,1
40120,1
40130,1
40140,1
40150,1
40160,1
40170,1
40180,1
40190,1
40200,1
40210,1
40220,3
40230,3
40240,3
40250,3
40260,3
40270,2
40280,2
40290,2
40300,2
40310,1
40320,1
40330,1
40340,1
40350,1
40360,1
40370,1
40380,1
40390,1
40400,1
40410,1
40420,1
40430,1
40440,1
40450,1
40460,1
40470,1
40480,1
40490,1
40500,1
40510,1
40520,1
40530,1
40540,1
40550,1
40560,1
40570,1
40580,1
40590,1
40600,1
40610,1
40620,1
40630,1
40640,1
40650,1
40660,1
40670,1
40680,1
40690,1
40700,1
40710,1
40720,1
40730,1
40740,1
40750,1
40760,1
40770,1
40780,1
40790,1
40800,1
40810,1
40820,1
40830,1
40840,1
40850,1
40860,1
40870,1
40880,1
40890,1
40900,1
40910,1
40920,1
40930,1
40940,1
40950,1
40960,1
40970,1
40980,1
40990,1
41000,1
41010,1
41020,1
41030,1
41040,1
41050,1
41060,1
41070,1
41080,1
41090,1
41100,1
41110,1
41120,1
41130,1
41140,1
41150,1
41160,1
41170,1
41180,1
41190,1
41200,1
41210,1
41220,1
41230,1
41240,1
41250,1
41260,1
41270,1
41280,1
41290,1
41300,1
41310,1
41320,1
41330,1
41340,1
41350,1
41360,1
41370,1
41380,1
41390,1
41400,1
41410,1
41420,1
